motif_ID	motif_ALT_ID	seq_ID	site_Start	site_End	site_Strand	site_Score	site_Sequence
1-AGCATTGCM	STREME-1	seq_168	15	23	+	14.90	AGCATTGCC
1-AGCATTGCM	STREME-1	seq_177	64	72	-	14.90	AGCATTGCC
1-AGCATTGCM	STREME-1	seq_20	28	36	+	14.90	AGCATTGCC
1-AGCATTGCM	STREME-1	seq_72	14	22	+	13.80	AGCATTGCA
1-AGCATTGCM	STREME-1	seq_55	47	55	+	13.80	AGCATTGCA
1-AGCATTGCM	STREME-1	seq_76	5	13	-	13.80	AGCATTGCA
1-AGCATTGCM	STREME-1	seq_285	16	24	+	12.80	AGCATTGCT
1-AGCATTGCM	STREME-1	seq_253	21	29	+	12.74	AGCCTTGCC
1-AGCATTGCM	STREME-1	seq_280	52	60	-	12.74	AGCCTTGCC
1-AGCATTGCM	STREME-1	seq_100	48	56	-	12.74	AGCCTTGCC
1-AGCATTGCM	STREME-1	seq_181	58	66	-	12.20	AGCATGGCC
1-AGCATTGCM	STREME-1	seq_161	3	11	-	11.89	AGAATTGCC
1-AGCATTGCM	STREME-1	seq_94	63	71	-	11.78	CGCATTGCC
1-AGCATTGCM	STREME-1	seq_131	67	75	-	11.78	CGCATTGCC
1-AGCATTGCM	STREME-1	seq_210	30	38	+	11.73	AGCATTCCC
1-AGCATTGCM	STREME-1	seq_15	52	60	-	11.57	ATCATTGCC
1-AGCATTGCM	STREME-1	seq_255	22	30	-	11.47	AGCGTTGCC
1-AGCATTGCM	STREME-1	seq_212	47	55	+	10.79	AGAATTGCA
1-AGCATTGCM	STREME-1	seq_60	22	30	-	10.67	CGCATTGCA
1-AGCATTGCM	STREME-1	seq_197	57	65	-	10.67	CGCATTGCA
1-AGCATTGCM	STREME-1	seq_27	28	36	-	10.67	CGCATTGCA
1-AGCATTGCM	STREME-1	seq_245	11	19	+	10.67	CGCATTGCA
1-AGCATTGCM	STREME-1	seq_73	59	67	+	10.62	AGCCTTACC
#
2-RATCAYATTGCRV	STREME-2	seq_152	30	42	+	16.52	AATCATATTGCGG
2-RATCAYATTGCRV	STREME-2	seq_29	44	56	+	15.43	ACTTATACTGCAC
2-RATCAYATTGCRV	STREME-2	seq_193	3	15	+	15.05	AATCATATTGCAA
2-RATCAYATTGCRV	STREME-2	seq_260	53	65	+	15.00	AATCACGTTGCGA
2-RATCAYATTGCRV	STREME-2	seq_97	21	33	+	14.34	AATCATGCTGCGC
2-RATCAYATTGCRV	STREME-2	seq_67	65	77	-	13.89	AATCATATTTCCG
2-RATCAYATTGCRV	STREME-2	seq_36	24	36	+	13.84	GATCAAACTGCAC
2-RATCAYATTGCRV	STREME-2	seq_224	29	41	+	13.60	AATCAAATTGCGC
2-RATCAYATTGCRV	STREME-2	seq_277	63	75	+	13.59	GACCACACTGCGG
2-RATCAYATTGCRV	STREME-2	seq_161	29	41	+	13.57	AATTATGCTGCAC
2-RATCAYATTGCRV	STREME-2	seq_154	35	47	-	13.45	GCTCATATTGTAC
2-RATCAYATTGCRV	STREME-2	seq_182	53	65	+	13.12	GATCACATTTCCG
2-RATCAYATTGCRV	STREME-2	seq_65	48	60	-	13.02	ACTCATACTCCGG
2-RATCAYATTGCRV	STREME-2	seq_32	14	26	-	12.77	AGTCACATTGCGG
2-RATCAYATTGCRV	STREME-2	seq_263	68	80	-	12.46	GATTAAATTGCAG
2-RATCAYATTGCRV	STREME-2	seq_238	47	59	+	12.33	AACTATGTTGCGC
2-RATCAYATTGCRV	STREME-2	seq_51	24	36	-	12.30	GCTCACATTGCTC
2-RATCAYATTGCRV	STREME-2	seq_16	51	63	+	12.23	AACCATGTTTCGC
2-RATCAYATTGCRV	STREME-2	seq_103	7	19	+	12.03	GATCACATTTTAG
2-RATCAYATTGCRV	STREME-2	seq_41	27	39	-	11.69	GATCACATTACCG
2-RATCAYATTGCRV	STREME-2	seq_204	44	56	+	11.46	GATCACATTTTGG
2-RATCAYATTGCRV	STREME-2	seq_117	15	27	-	11.42	AATCTTATTACGC
2-RATCAYATTGCRV	STREME-2	seq_120	37	49	+	11.38	AATCTCGTTTCGG
2-RATCAYATTGCRV	STREME-2	seq_267	47	59	+	11.31	GATCACGCTTCCG
2-RATCAYATTGCRV	STREME-2	seq_262	56	68	+	11.21	AAACATATTTCAA
2-RATCAYATTGCRV	STREME-2	seq_178	68	80	+	11.21	AAACATATTTCAA
2-RATCAYATTGCRV	STREME-2	seq_41	41	53	+	11.16	GGTTATATTGCAC
2-RATCAYATTGCRV	STREME-2	seq_202	47	59	+	10.97	GATTAAATTGCAA
2-RATCAYATTGCRV	STREME-2	seq_226	43	55	+	10.48	GCTTATGCTGCGC
2-RATCAYATTGCRV	STREME-2	seq_111	55	67	-	10.45	GATCATATTTTCC
2-RATCAYATTGCRV	STREME-2	seq_107	50	62	+	10.38	ACATATGTTGCAC
2-RATCAYATTGCRV	STREME-2	seq_50	28	40	+	10.34	CATCATGCTGCGG
2-RATCAYATTGCRV	STREME-2	seq_159	29	41	-	10.21	GATCATATAGCTA
2-RATCAYATTGCRV	STREME-2	seq_130	54	66	-	9.97	GACTATGCTGCCC
2-RATCAYATTGCRV	STREME-2	seq_238	7	19	+	9.59	AAACAAGCTGCGC
2-RATCAYATTGCRV	STREME-2	seq_222	20	32	+	9.55	AATTTTATTGCAA
2-RATCAYATTGCRV	STREME-2	seq_207	46	58	+	9.52	AATCACATGGGGG
#
3-GGAACGA	STREME-3	seq_4	15	21	+	12.98	GGAACGA
3-GGAACGA	STREME-3	seq_101	68	74	+	12.98	GGAACGA
3-GGAACGA	STREME-3	seq_211	21	27	-	12.98	GGAACGA
3-GGAACGA	STREME-3	seq_189	61	67	+	12.98	GGAACGA
3-GGAACGA	STREME-3	seq_220	68	74	+	12.98	GGAACGA
3-GGAACGA	STREME-3	seq_282	16	22	-	12.98	GGAACGA
3-GGAACGA	STREME-3	seq_89	6	12	-	12.98	GGAACGA
3-GGAACGA	STREME-3	seq_241	29	35	-	12.98	GGAACGA
3-GGAACGA	STREME-3	seq_224	68	74	+	11.47	GGGACGA
3-GGAACGA	STREME-3	seq_182	21	27	+	11.47	GGGACGA
3-GGAACGA	STREME-3	seq_165	73	79	+	11.47	GGGACGA
3-GGAACGA	STREME-3	seq_130	68	74	+	11.18	GGAACTA
3-GGAACGA	STREME-3	seq_33	38	44	-	11.18	GGAACTA
3-GGAACGA	STREME-3	seq_81	18	24	+	11.18	GGAACTA
3-GGAACGA	STREME-3	seq_10	23	29	-	11.18	GGAACTA
3-GGAACGA	STREME-3	seq_260	31	37	-	10.63	GGAGCGA
3-GGAACGA	STREME-3	seq_21	69	75	-	10.63	GGAGCGA
3-GGAACGA	STREME-3	seq_25	67	73	+	10.63	GGAGCGA
3-GGAACGA	STREME-3	seq_278	42	48	-	10.63	GGAGCGA
#
4-ATGGGAGART	STREME-4	seq_231	11	20	-	15.65	ATGGGAGAAT
4-ATGGGAGART	STREME-4	seq_288	2	11	+	13.04	AAGGGAGAGA
4-ATGGGAGART	STREME-4	seq_250	56	65	+	12.65	AAGGGTGAAT
4-ATGGGAGART	STREME-4	seq_96	22	31	-	12.65	AAGGGTGAAT
4-ATGGGAGART	STREME-4	seq_146	2	11	-	12.61	TAGGGTGAGT
4-ATGGGAGART	STREME-4	seq_118	51	60	+	12.55	TTGGGTGAGT
4-ATGGGAGART	STREME-4	seq_62	22	31	-	12.30	AGGTGAGAGT
4-ATGGGAGART	STREME-4	seq_121	72	81	+	12.18	ATGGGAGTAT
4-ATGGGAGART	STREME-4	seq_199	7	16	-	12.14	AAGGGAGAAA
4-ATGGGAGART	STREME-4	seq_127	42	51	-	12.08	ACGGGAGATT
4-ATGGGAGART	STREME-4	seq_270	7	16	-	11.96	ATGTGAGAAT
4-ATGGGAGART	STREME-4	seq_175	72	81	-	11.93	ATGGGGGAGA
4-ATGGGAGART	STREME-4	seq_242	72	81	+	11.88	AAGGGGGAAT
4-ATGGGAGART	STREME-4	seq_130	38	47	-	11.53	AGGGGTGATT
4-ATGGGAGART	STREME-4	seq_84	20	29	+	11.37	ATGGGAGGAA
4-ATGGGAGART	STREME-4	seq_56	65	74	+	11.37	ATGGGAGGAA
4-ATGGGAGART	STREME-4	seq_12	5	14	-	11.31	TGGGGAGAGA
4-ATGGGAGART	STREME-4	seq_38	29	38	-	11.31	TGGGGAGAGA
4-ATGGGAGART	STREME-4	seq_213	70	79	-	11.07	AAGGGTGAAG
4-ATGGGAGART	STREME-4	seq_51	68	77	+	11.06	TTGGGAGGGT
4-ATGGGAGART	STREME-4	seq_144	63	72	-	10.76	AGGGGGGATT
4-ATGGGAGART	STREME-4	seq_117	65	74	+	10.74	AGGGGAGGGG
4-ATGGGAGART	STREME-4	seq_244	21	30	+	10.60	ATGGCAGAGT
4-ATGGGAGART	STREME-4	seq_102	52	61	-	10.54	ACGGGTGAAG
4-ATGGGAGART	STREME-4	seq_97	48	57	+	10.37	ACGGGAGATG
4-ATGGGAGART	STREME-4	seq_163	40	49	+	10.30	ATGGGACACT
4-ATGGGAGART	STREME-4	seq_254	57	66	+	10.28	AGGGGCGAAT
4-ATGGGAGART	STREME-4	seq_116	61	70	-	10.21	ACGGGGGACT
#
5-WCTGGCTTT	STREME-5	seq_129	34	42	+	14.71	ACTGGCTTT
5-WCTGGCTTT	STREME-5	seq_182	3	11	+	14.00	TCTGGCTCT
5-WCTGGCTTT	STREME-5	seq_132	17	25	+	13.88	TCTGGCTTT
5-WCTGGCTTT	STREME-5	seq_79	29	37	-	13.88	TCTGGCTTT
5-WCTGGCTTT	STREME-5	seq_28	38	46	+	12.24	ACAGGCTTT
5-WCTGGCTTT	STREME-5	seq_171	46	54	+	12.24	ACAGGCTTT
5-WCTGGCTTT	STREME-5	seq_188	18	26	+	11.78	TCAGGCTCT
5-WCTGGCTTT	STREME-5	seq_166	46	54	-	11.72	ACTCGCTCT
5-WCTGGCTTT	STREME-5	seq_139	56	64	+	11.66	TCAGGCTTT
5-WCTGGCTTT	STREME-5	seq_289	4	12	-	11.59	ACTTGCTCT
5-WCTGGCTTT	STREME-5	seq_190	27	35	-	10.95	ACGGGCTTT
5-WCTGGCTTT	STREME-5	seq_183	10	18	-	10.93	TATGGCTTT
5-WCTGGCTTT	STREME-5	seq_52	59	67	-	10.93	TATGGCTTT
5-WCTGGCTTT	STREME-5	seq_85	29	37	-	10.92	TCTGACTTT
5-WCTGGCTTT	STREME-5	seq_118	34	42	+	10.89	TCTCGCTCT
5-WCTGGCTTT	STREME-5	seq_237	46	54	+	10.87	TCTGGCTAT
5-WCTGGCTTT	STREME-5	seq_216	47	55	+	10.87	TCTGGCTAT
5-WCTGGCTTT	STREME-5	seq_272	8	16	+	10.75	TCTTGCTCT
5-WCTGGCTTT	STREME-5	seq_50	49	57	-	10.65	AATGGCTCT
5-WCTGGCTTT	STREME-5	seq_125	64	72	-	10.63	TCTTGCTTT
5-WCTGGCTTT	STREME-5	seq_280	8	16	+	10.63	TCTTGCTTT
5-WCTGGCTTT	STREME-5	seq_156	12	20	+	10.63	TCTTGCTTT
5-WCTGGCTTT	STREME-5	seq_292	52	60	-	10.53	AATGGCTTT
5-WCTGGCTTT	STREME-5	seq_148	41	49	+	10.53	AGTAGCTTT
5-WCTGGCTTT	STREME-5	seq_235	1	9	+	10.32	TCGGGCTTT
5-WCTGGCTTT	STREME-5	seq_16	36	44	+	10.24	ACTGGATTT
5-WCTGGCTTT	STREME-5	seq_264	39	47	+	10.14	GCTGGCTCT
#
6-CCGGTCGA	STREME-6	seq_222	71	78	-	14.47	CCGGTCGA
6-CCGGTCGA	STREME-6	seq_240	23	30	+	14.47	CCGGTCGA
6-CCGGTCGA	STREME-6	seq_49	72	79	+	14.47	CCGGTCGA
6-CCGGTCGA	STREME-6	seq_58	32	39	-	11.98	CGGGTCGA
6-CCGGTCGA	STREME-6	seq_1	44	51	-	11.98	CGGGTCGA
6-CCGGTCGA	STREME-6	seq_86	1	8	+	11.51	CCGGTCTA
6-CCGGTCGA	STREME-6	seq_284	67	74	-	11.32	ACGGTCGA
6-CCGGTCGA	STREME-6	seq_5	21	28	+	11.16	CAGGTCGA
6-CCGGTCGA	STREME-6	seq_283	63	70	-	11.14	CCGGTTGA
6-CCGGTCGA	STREME-6	seq_140	1	8	-	11.14	CCGGTTGA
6-CCGGTCGA	STREME-6	seq_221	2	9	+	11.14	GCGGTCGA
6-CCGGTCGA	STREME-6	seq_268	22	29	+	11.14	GCGGTCGA
6-CCGGTCGA	STREME-6	seq_96	73	80	-	11.14	GCGGTCGA
6-CCGGTCGA	STREME-6	seq_243	42	49	-	11.14	GCGGTCGA
6-CCGGTCGA	STREME-6	seq_265	6	13	-	10.96	CCCGTCGA
6-CCGGTCGA	STREME-6	seq_253	72	79	+	10.93	CCGGTCGT
6-CCGGTCGA	STREME-6	seq_168	2	9	+	10.93	CCGGTCGT
6-CCGGTCGA	STREME-6	seq_139	65	72	-	10.92	TCGGTCGA
6-CCGGTCGA	STREME-6	seq_54	18	25	-	10.54	CCGCTCGA
6-CCGGTCGA	STREME-6	seq_175	47	54	+	10.29	CCGGTCGG
6-CCGGTCGA	STREME-6	seq_230	39	46	-	10.29	CCGGTCGG
#
7-AAACAAGGSG	STREME-7	seq_189	16	25	+	15.62	AAACAAGGCG
7-AAACAAGGSG	STREME-7	seq_191	7	16	-	15.62	AAACAAGGCG
7-AAACAAGGSG	STREME-7	seq_38	60	69	+	14.16	CAACAAGGGG
7-AAACAAGGSG	STREME-7	seq_257	2	11	-	14.16	CAACAAGGGG
7-AAACAAGGSG	STREME-7	seq_256	2	11	-	14.09	AAACAAGAGG
7-AAACAAGGSG	STREME-7	seq_259	35	44	+	13.89	CAACAAGGCG
7-AAACAAGGSG	STREME-7	seq_168	22	31	-	13.02	AATCAAGGGG
7-AAACAAGGSG	STREME-7	seq_149	38	47	+	13.01	AAACAAGGCA
7-AAACAAGGSG	STREME-7	seq_282	4	13	-	12.93	AAACAGGGAG
7-AAACAAGGSG	STREME-7	seq_73	33	42	+	12.76	AAACAAGAAG
7-AAACAAGGSG	STREME-7	seq_227	21	30	-	12.76	AAACAAGAAG
7-AAACAAGGSG	STREME-7	seq_234	56	65	+	12.75	AATCAAGGCG
7-AAACAAGGSG	STREME-7	seq_169	49	58	+	12.41	AAACAAGGGC
7-AAACAAGGSG	STREME-7	seq_89	20	29	-	12.37	AAACAAGGGT
7-AAACAAGGSG	STREME-7	seq_270	39	48	-	12.36	AAACAAGGAC
7-AAACAAGGSG	STREME-7	seq_26	22	31	+	12.05	AGACAAGACG
7-AAACAAGGSG	STREME-7	seq_148	5	14	-	12.01	AAATAAGGGG
7-AAACAAGGSG	STREME-7	seq_192	64	73	+	11.96	AATCAAGACG
7-AAACAAGGSG	STREME-7	seq_91	55	64	+	11.73	AAATAAGGCG
7-AAACAAGGSG	STREME-7	seq_249	2	11	+	11.54	AAACAAGGAA
7-AAACAAGGSG	STREME-7	seq_192	52	61	-	10.76	CATCAAGGCG
7-AAACAAGGSG	STREME-7	seq_19	48	57	-	10.66	ACACAGGGCG
7-AAACAAGGSG	STREME-7	seq_197	72	81	-	10.60	TAACAAGGCA
7-AAACAAGGSG	STREME-7	seq_266	28	37	+	10.30	AAACAAGAAC
#
8-AYYGGCMGCGCA	STREME-8	seq_90	51	62	-	18.66	ACTGGCAGCGCA
8-AYYGGCMGCGCA	STREME-8	seq_277	21	32	+	17.52	ACTGGCAGCGAA
8-AYYGGCMGCGCA	STREME-8	seq_28	23	34	-	16.55	ATTGGCAGCGCA
8-AYYGGCMGCGCA	STREME-8	seq_158	27	38	+	15.46	ACTGATAGCGAA
8-AYYGGCMGCGCA	STREME-8	seq_69	50	61	-	15.10	ACTTGTAGCTCA
8-AYYGGCMGCGCA	STREME-8	seq_100	3	14	-	14.98	ATCTGTAGCGTA
8-AYYGGCMGCGCA	STREME-8	seq_245	52	63	+	13.78	ATCGGCCGCGCA
8-AYYGGCMGCGCA	STREME-8	seq_128	66	77	+	13.53	ATTGACAGCGCC
8-AYYGGCMGCGCA	STREME-8	seq_164	27	38	-	13.50	ACTTGCAGCGTC
8-AYYGGCMGCGCA	STREME-8	seq_197	34	45	+	13.48	ATTTACCGCGCA
8-AYYGGCMGCGCA	STREME-8	seq_243	41	52	+	13.36	ATCGACCGCGCA
8-AYYGGCMGCGCA	STREME-8	seq_20	37	48	+	13.22	ACCGGCAGGGCA
8-AYYGGCMGCGCA	STREME-8	seq_26	51	62	-	13.16	ACTTGTCGCGCC
8-AYYGGCMGCGCA	STREME-8	seq_97	6	17	-	12.42	CCTGGTCGCGCA
8-AYYGGCMGCGCA	STREME-8	seq_12	50	61	-	11.92	ATTTGCCGCGAA
8-AYYGGCMGCGCA	STREME-8	seq_9	10	21	+	11.83	ACCGGCAGCCAA
8-AYYGGCMGCGCA	STREME-8	seq_224	37	48	-	11.60	ACTTATGGCGCA
8-AYYGGCMGCGCA	STREME-8	seq_180	68	79	+	11.49	ATCGGCGGCGCA
8-AYYGGCMGCGCA	STREME-8	seq_242	3	14	-	11.10	ACGGACCGCGAA
#
9-WACATAA	STREME-9	seq_199	29	35	-	13.46	TACATAA
9-WACATAA	STREME-9	seq_86	16	22	-	13.46	TACATAA
9-WACATAA	STREME-9	seq_85	48	54	+	13.46	TACATAA
9-WACATAA	STREME-9	seq_180	61	67	-	12.93	TACTTAA
9-WACATAA	STREME-9	seq_209	59	65	-	12.93	TACTTAA
9-WACATAA	STREME-9	seq_102	39	45	-	12.93	TACTTAA
9-WACATAA	STREME-9	seq_88	59	65	-	11.79	AACATAA
9-WACATAA	STREME-9	seq_119	47	53	+	11.79	AACATAA
9-WACATAA	STREME-9	seq_6	17	23	+	11.79	AACATAA
9-WACATAA	STREME-9	seq_191	28	34	+	11.79	AACATAA
9-WACATAA	STREME-9	seq_248	53	59	+	11.79	AACATAA
9-WACATAA	STREME-9	seq_168	49	55	-	11.79	AACATAA
9-WACATAA	STREME-9	seq_78	63	69	+	11.79	AACATAA
9-WACATAA	STREME-9	seq_13	24	30	-	11.68	TACGTAA
9-WACATAA	STREME-9	seq_13	25	31	+	11.68	TACGTAA
9-WACATAA	STREME-9	seq_149	9	15	-	11.68	TACGTAA
9-WACATAA	STREME-9	seq_281	21	27	-	11.68	TACGTAA
#
10-AATTGCCGT	STREME-10	seq_212	15	23	-	15.60	AATTGCCGT
10-AATTGCCGT	STREME-10	seq_162	34	42	-	15.60	AATTGCCGT
10-AATTGCCGT	STREME-10	seq_22	31	39	+	15.60	AATTGCCGT
10-AATTGCCGT	STREME-10	seq_285	71	79	-	13.98	AGTTGCCGT
10-AATTGCCGT	STREME-10	seq_245	73	81	+	13.92	AAGTGCCGT
10-AATTGCCGT	STREME-10	seq_181	72	80	-	13.10	AATGGCCGT
10-AATTGCCGT	STREME-10	seq_233	69	77	-	12.87	CATTGCCGT
10-AATTGCCGT	STREME-10	seq_131	65	73	-	12.87	CATTGCCGT
10-AATTGCCGT	STREME-10	seq_45	42	50	-	12.87	CATTGCCGT
10-AATTGCCGT	STREME-10	seq_18	19	27	+	12.80	AATTTCCGT
10-AATTGCCGT	STREME-10	seq_206	73	81	+	12.65	AATTGCGGT
#
11-MGCCGAGAGCG	STREME-11	seq_3	57	67	+	18.86	CGCCGAGAGCG
11-MGCCGAGAGCG	STREME-11	seq_287	66	76	+	16.30	AGCCGAGAGCA
11-MGCCGAGAGCG	STREME-11	seq_166	57	67	-	16.01	AGCCGATAGCG
11-MGCCGAGAGCG	STREME-11	seq_273	60	70	-	15.97	CGCTGAGAGAG
11-MGCCGAGAGCG	STREME-11	seq_147	70	80	-	15.34	CTCCGAGATCG
11-MGCCGAGAGCG	STREME-11	seq_42	41	51	-	15.13	CGCCGAAAGCG
11-MGCCGAGAGCG	STREME-11	seq_257	24	34	+	11.54	AGCCGAGATAA
11-MGCCGAGAGCG	STREME-11	seq_29	65	75	-	9.64	TGCCGATAGCG
11-MGCCGAGAGCG	STREME-11	seq_79	44	54	+	9.51	CTCTGAGAGGG
11-MGCCGAGAGCG	STREME-11	seq_101	30	40	+	9.29	CGCGGATAGCG
11-MGCCGAGAGCG	STREME-11	seq_220	30	40	+	9.29	CGCGGATAGCG
11-MGCCGAGAGCG	STREME-11	seq_140	9	19	+	8.95	CGCTGAAAGAA
11-MGCCGAGAGCG	STREME-11	seq_257	42	52	-	8.84	CTCCGGGAGAG
#
12-AGTGTGG	STREME-12	seq_24	20	26	+	14.31	AGTGTGG
12-AGTGTGG	STREME-12	seq_40	72	78	-	14.31	AGTGTGG
12-AGTGTGG	STREME-12	seq_122	64	70	+	14.31	AGTGTGG
12-AGTGTGG	STREME-12	seq_246	28	34	+	14.31	AGTGTGG
12-AGTGTGG	STREME-12	seq_277	65	71	-	14.31	AGTGTGG
12-AGTGTGG	STREME-12	seq_200	45	51	+	12.26	AGTGTGA
12-AGTGTGG	STREME-12	seq_8	74	80	+	12.26	AGTGTGA
12-AGTGTGG	STREME-12	seq_261	67	73	+	11.64	AGTGTGT
12-AGTGTGG	STREME-12	seq_35	58	64	+	10.93	AGTCTGG
12-AGTGTGG	STREME-12	seq_291	72	78	+	10.93	AGTCTGG
12-AGTGTGG	STREME-12	seq_48	12	18	-	10.93	AGTCTGG
12-AGTGTGG	STREME-12	seq_253	59	65	+	10.79	AGGGTGG
12-AGTGTGG	STREME-12	seq_290	63	69	-	10.79	AGGGTGG
12-AGTGTGG	STREME-12	seq_173	52	58	+	10.79	AGGGTGG
12-AGTGTGG	STREME-12	seq_113	26	32	-	10.79	AGGGTGG
12-AGTGTGG	STREME-12	seq_237	1	7	-	10.71	GGTGTGG
12-AGTGTGG	STREME-12	seq_210	1	7	-	10.70	AGTGTCG
#
13-CCGGGAAAAC	STREME-13	seq_226	68	77	+	16.01	CCGGGAAAAC
13-CCGGGAAAAC	STREME-13	seq_124	56	65	+	14.50	CCGGGATAAC
13-CCGGGAAAAC	STREME-13	seq_274	8	17	-	13.67	CCGTTAAAAC
13-CCGGGAAAAC	STREME-13	seq_83	59	68	+	13.67	CCGTTAAAAC
13-CCGGGAAAAC	STREME-13	seq_196	71	80	+	13.63	CAGGGAAAAC
13-CCGGGAAAAC	STREME-13	seq_273	36	45	+	13.13	CCGGGAAATC
13-CCGGGAAAAC	STREME-13	seq_79	17	26	-	12.49	CCGGAAAAAC
13-CCGGGAAAAC	STREME-13	seq_15	58	67	-	12.43	CCGGTAAATC
13-CCGGGAAAAC	STREME-13	seq_99	10	19	-	11.49	CCGCGAGAAC
13-CCGGGAAAAC	STREME-13	seq_47	36	45	-	11.44	CAGAGAAAAC
13-CCGGGAAAAC	STREME-13	seq_136	28	37	+	11.34	CCGGGAACCC
13-CCGGGAAAAC	STREME-13	seq_208	26	35	-	11.13	GGGGGAAAAC
13-CCGGGAAAAC	STREME-13	seq_116	14	23	-	11.08	CCGAGAAATC
#
14-ACAGBGT	STREME-14	seq_174	24	30	+	13.79	ACAGGGT
14-ACAGBGT	STREME-14	seq_276	70	76	-	13.79	ACAGGGT
14-ACAGBGT	STREME-14	seq_87	39	45	-	13.79	ACAGGGT
14-ACAGBGT	STREME-14	seq_177	34	40	-	13.79	ACAGGGT
14-ACAGBGT	STREME-14	seq_113	28	34	-	13.79	ACAGGGT
14-ACAGBGT	STREME-14	seq_151	61	67	-	13.19	ACAGTGT
14-ACAGBGT	STREME-14	seq_201	28	34	+	13.19	ACAGTGT
14-ACAGBGT	STREME-14	seq_120	51	57	+	13.19	ACAGTGT
14-ACAGBGT	STREME-14	seq_272	44	50	-	12.25	ACAGCGT
14-ACAGBGT	STREME-14	seq_284	8	14	-	12.25	ACAGCGT
14-ACAGBGT	STREME-14	seq_139	36	42	-	12.25	ACAGCGT
14-ACAGBGT	STREME-14	seq_217	26	32	+	12.25	ACAGCGT
14-ACAGBGT	STREME-14	seq_59	4	10	+	11.03	ACGGGGT
#
15-TCGGCGCCAG	STREME-15	seq_159	42	51	-	17.42	TCGGCGCCAG
15-TCGGCGCCAG	STREME-15	seq_136	12	21	+	17.42	TCGGCGCCAG
15-TCGGCGCCAG	STREME-15	seq_114	13	22	+	15.70	TCGGCACCAG
15-TCGGCGCCAG	STREME-15	seq_95	70	79	+	15.46	TCGGCGACAG
15-TCGGCGCCAG	STREME-15	seq_138	6	15	-	15.15	TCTGCGCCAG
15-TCGGCGCCAG	STREME-15	seq_65	70	79	+	15.14	TCGGCGCCAA
15-TCGGCGCCAG	STREME-15	seq_264	27	36	+	15.14	TCGGCGCCAA
15-TCGGCGCCAG	STREME-15	seq_246	19	28	-	14.42	TCGGCGGCAG
15-TCGGCGCCAG	STREME-15	seq_101	5	14	-	13.74	TCGGCGCCGG
15-TCGGCGCCAG	STREME-15	seq_220	5	14	-	13.74	TCGGCGCCGG
#
16-ATTCGTKGATVC	STREME-16	seq_102	6	17	-	20.82	ATTCGTTGATAC
16-ATTCGTKGATVC	STREME-16	seq_72	23	34	+	19.54	ATTCGTGGATGC
16-ATTCGTKGATVC	STREME-16	seq_55	56	67	+	19.54	ATTCGTGGATGC
16-ATTCGTKGATVC	STREME-16	seq_247	64	75	-	16.52	ATTCATTGATCC
16-ATTCGTKGATVC	STREME-16	seq_201	51	62	-	15.63	ATTCGTTGCAAC
16-ATTCGTKGATVC	STREME-16	seq_1	20	31	+	10.87	ATTCGTGGAAGG
16-ATTCGTKGATVC	STREME-16	seq_69	60	71	-	8.29	CTTCATTGAAAC
16-ATTCGTKGATVC	STREME-16	seq_186	18	29	-	7.99	ATTGATGGAAGC
16-ATTCGTKGATVC	STREME-16	seq_104	41	52	+	7.11	ATACATTGCAAC
#
17-ACATCATAAT	STREME-17	seq_240	34	43	+	17.79	ACATCATAAT
17-ACATCATAAT	STREME-17	seq_63	21	30	+	16.59	ACATCATAAG
17-ACATCATAAT	STREME-17	seq_165	23	32	+	16.05	ACATCACTAT
17-ACATCATAAT	STREME-17	seq_212	56	65	-	15.42	GCATCATAAT
17-ACATCATAAT	STREME-17	seq_108	16	25	+	10.27	ACATCATGAG
17-ACATCATAAT	STREME-17	seq_196	50	59	-	9.62	ACTTCACTAT
17-ACATCATAAT	STREME-17	seq_23	26	35	+	9.53	GCACCATAAT
#
18-TGGCGAA	STREME-18	seq_249	52	58	-	11.86	TGGCGAA
18-TGGCGAA	STREME-18	seq_33	62	68	+	11.86	TGGCGAA
18-TGGCGAA	STREME-18	seq_104	9	15	-	11.86	TGGCGAA
18-TGGCGAA	STREME-18	seq_274	57	63	+	11.86	TGGCGAA
18-TGGCGAA	STREME-18	seq_29	19	25	+	11.86	TGGCGAA
18-TGGCGAA	STREME-18	seq_99	24	30	-	11.86	TGGCGAA
18-TGGCGAA	STREME-18	seq_277	9	15	-	11.86	TGGCGAA
18-TGGCGAA	STREME-18	seq_32	31	37	-	11.86	TGGCGAA
18-TGGCGAA	STREME-18	seq_71	20	26	+	11.86	TGGCGAA
18-TGGCGAA	STREME-18	seq_10	75	81	-	11.86	TGGCGAA
18-TGGCGAA	STREME-18	seq_215	1	7	+	10.54	TGGCGAC
18-TGGCGAA	STREME-18	seq_223	14	20	-	10.54	TGGCGAC
18-TGGCGAA	STREME-18	seq_57	32	38	-	10.54	TGGCGAC
18-TGGCGAA	STREME-18	seq_271	27	33	+	10.40	TGGCTAA
18-TGGCGAA	STREME-18	seq_47	63	69	+	10.40	TGGCTAA
18-TGGCGAA	STREME-18	seq_250	40	46	-	10.40	TGGCTAA
18-TGGCGAA	STREME-18	seq_243	16	22	+	10.40	TGGCTAA
18-TGGCGAA	STREME-18	seq_98	41	47	-	10.31	TGGGGAA
18-TGGCGAA	STREME-18	seq_27	21	27	+	10.31	TGGGGAA
18-TGGCGAA	STREME-18	seq_83	6	12	+	10.31	TGGGGAA
18-TGGCGAA	STREME-18	seq_204	31	37	-	9.76	TGACGAA
18-TGGCGAA	STREME-18	seq_207	9	15	+	9.76	TGACGAA
18-TGGCGAA	STREME-18	seq_6	40	46	-	9.76	TGACGAA
18-TGGCGAA	STREME-18	seq_250	50	56	-	9.76	TGACGAA
18-TGGCGAA	STREME-18	seq_218	26	32	+	9.76	TGACGAA
18-TGGCGAA	STREME-18	seq_115	25	31	+	9.76	TGACGAA
18-TGGCGAA	STREME-18	seq_164	39	45	-	9.55	TGGCGTA
18-TGGCGAA	STREME-18	seq_77	49	55	+	9.13	TGGCTAC
18-TGGCGAA	STREME-18	seq_166	6	12	+	9.13	TGGCTAC
18-TGGCGAA	STREME-18	seq_143	56	62	-	9.13	TGGCTAC
18-TGGCGAA	STREME-18	seq_52	25	31	+	8.98	TGGGGAC
#
19-ATAGCGGWARS	STREME-19	seq_119	2	12	-	17.88	ATAGCGGTAGG
19-ATAGCGGWARS	STREME-19	seq_242	49	59	+	16.51	ATAGCGGAAAG
19-ATAGCGGWARS	STREME-19	seq_171	1	11	+	15.74	ATAGCGGAAAC
19-ATAGCGGWARS	STREME-19	seq_104	66	76	+	12.75	ATGGCGGTAAT
19-ATAGCGGWARS	STREME-19	seq_191	42	52	+	12.60	ATAGCAGAAGA
19-ATAGCGGWARS	STREME-19	seq_247	38	48	+	12.48	ATAGCCGAAAC
19-ATAGCGGWARS	STREME-19	seq_47	51	61	+	12.33	ATAGCAATAGG
19-ATAGCGGWARS	STREME-19	seq_146	50	60	-	11.90	ATAACGATAGG
19-ATAGCGGWARS	STREME-19	seq_134	43	53	-	11.79	ATGACGGTAGG
19-ATAGCGGWARS	STREME-19	seq_53	28	38	+	11.79	ATGGCGGTAAA
19-ATAGCGGWARS	STREME-19	seq_287	3	13	+	11.60	ATGGCAGTAGC
19-ATAGCGGWARS	STREME-19	seq_146	8	18	-	11.24	ATATCGATAGG
19-ATAGCGGWARS	STREME-19	seq_190	59	69	-	10.94	ATATCGGAAAT
19-ATAGCGGWARS	STREME-19	seq_217	26	36	+	10.71	ACAGCGTTAAC
19-ATAGCGGWARS	STREME-19	seq_41	6	16	-	10.68	ATTGCGGAAGC
19-ATAGCGGWARS	STREME-19	seq_120	5	15	-	10.42	ATAGCAAAAAC
19-ATAGCGGWARS	STREME-19	seq_32	28	38	-	10.41	ATGGCGAAAAG
19-ATAGCGGWARS	STREME-19	seq_184	32	42	+	10.39	ATACCGGACGG
#
20-AGACGCT	STREME-20	seq_34	31	37	+	13.86	AGACGCT
20-AGACGCT	STREME-20	seq_164	26	32	+	13.86	AGACGCT
20-AGACGCT	STREME-20	seq_159	16	22	-	13.86	AGACGCT
20-AGACGCT	STREME-20	seq_230	18	24	+	13.86	AGACGCT
20-AGACGCT	STREME-20	seq_53	20	26	-	13.86	AGACGCT
20-AGACGCT	STREME-20	seq_293	11	17	+	9.46	AGACACT
20-AGACGCT	STREME-20	seq_7	33	39	+	9.46	AGACACT
20-AGACGCT	STREME-20	seq_217	3	9	+	9.06	AGACCCT
#
21-GCCTCTGCCN	STREME-21	seq_258	66	75	+	15.09	GCCTCTGCCA
21-GCCTCTGCCN	STREME-21	seq_289	37	46	-	14.79	GCCTCTGCCC
21-GCCTCTGCCN	STREME-21	seq_246	32	41	-	14.34	TCCTCTACCA
21-GCCTCTGCCN	STREME-21	seq_162	7	16	-	13.58	GCCTCTGCCG
21-GCCTCTGCCN	STREME-21	seq_245	3	12	+	13.58	GCCTCTGCCG
21-GCCTCTGCCN	STREME-21	seq_182	6	15	+	12.79	GGCTCTACCC
21-GCCTCTGCCN	STREME-21	seq_132	64	73	-	11.88	TCCTCTTCCT
21-GCCTCTGCCN	STREME-21	seq_237	43	52	+	11.33	GGCTCTGGCT
21-GCCTCTGCCN	STREME-21	seq_281	63	72	-	10.95	TCCTCTTCCG
21-GCCTCTGCCN	STREME-21	seq_160	34	43	-	10.86	TCCTCGGCCC
21-GCCTCTGCCN	STREME-21	seq_84	52	61	-	10.75	CCCTCTACCG
21-GCCTCTGCCN	STREME-21	seq_6	51	60	-	10.63	GCCTCTTGCA
21-GCCTCTGCCN	STREME-21	seq_125	30	39	-	10.57	GCCCCTGCCT
21-GCCTCTGCCN	STREME-21	seq_98	23	32	-	10.37	TTCTCTACCC
21-GCCTCTGCCN	STREME-21	seq_158	39	48	-	10.34	GCCGCTGCCC
21-GCCTCTGCCN	STREME-21	seq_35	62	71	-	10.21	GCCTCCACCA
21-GCCTCTGCCN	STREME-21	seq_174	27	36	-	10.16	GCTTCTACCC
21-GCCTCTGCCN	STREME-21	seq_43	54	63	-	10.01	TCCTCTGCTT
21-GCCTCTGCCN	STREME-21	seq_216	7	16	+	9.98	TGCTCTGGCA
21-GCCTCTGCCN	STREME-21	seq_96	1	10	+	9.89	GGCTCGGCCA
21-GCCTCTGCCN	STREME-21	seq_112	69	78	+	9.77	ACCTCGGCCA
21-GCCTCTGCCN	STREME-21	seq_250	6	15	-	9.74	GCCTCTATCT
21-GCCTCTGCCN	STREME-21	seq_44	5	14	+	9.60	TCCTCTGGTC
21-GCCTCTGCCN	STREME-21	seq_25	41	50	-	9.56	GCCTCTTGCG
21-GCCTCTGCCN	STREME-21	seq_272	11	20	+	9.49	TGCTCTTCCC
21-GCCTCTGCCN	STREME-21	seq_37	44	53	+	9.41	CCCTCTAGCC
21-GCCTCTGCCN	STREME-21	seq_48	62	71	-	9.40	GCCTTTGCCA
21-GCCTCTGCCN	STREME-21	seq_113	15	24	+	9.39	GTCTCTTCCG
21-GCCTCTGCCN	STREME-21	seq_93	68	77	+	9.37	TCCTCCGCCT
21-GCCTCTGCCN	STREME-21	seq_63	55	64	-	9.31	GGCTCGGCCT
21-GCCTCTGCCN	STREME-21	seq_279	37	46	-	9.22	GACTCGGCCA
21-GCCTCTGCCN	STREME-21	seq_66	15	24	-	9.17	GTCACTGCCC
21-GCCTCTGCCN	STREME-21	seq_244	22	31	-	9.03	AACTCTGCCA
21-GCCTCTGCCN	STREME-21	seq_287	4	13	-	9.01	GCTACTGCCA
21-GCCTCTGCCN	STREME-21	seq_198	32	41	+	8.98	TTCTCTGGCA
21-GCCTCTGCCN	STREME-21	seq_91	36	45	-	8.94	GCCGCTGGCA
21-GCCTCTGCCN	STREME-21	seq_197	48	57	+	8.87	GCCGCTGGCT
21-GCCTCTGCCN	STREME-21	seq_257	18	27	-	8.75	GGCTCTGCTG
21-GCCTCTGCCN	STREME-21	seq_173	11	20	-	8.74	ACCCCTGCCC
21-GCCTCTGCCN	STREME-21	seq_70	57	66	-	8.67	TCCTTTGCCA
21-GCCTCTGCCN	STREME-21	seq_7	34	43	+	8.54	GACACTGCCC
21-GCCTCTGCCN	STREME-21	seq_121	51	60	+	8.52	GTCTCGACCC
21-GCCTCTGCCN	STREME-21	seq_128	55	64	-	8.50	GCCTCTTTCA
21-GCCTCTGCCN	STREME-21	seq_244	63	72	+	8.45	GCCTCGGCTC
#
22-AAMATCGC	STREME-22	seq_125	54	61	-	11.76	AACATCGC
22-AAMATCGC	STREME-22	seq_176	11	18	+	11.59	ATAATCGC
22-AAMATCGC	STREME-22	seq_53	40	47	+	11.59	ATAATCGC
22-AAMATCGC	STREME-22	seq_271	32	39	+	11.51	AAAATCGC
22-AAMATCGC	STREME-22	seq_82	67	74	+	11.51	AAAATCGC
22-AAMATCGC	STREME-22	seq_261	10	17	+	11.51	AAAATCGC
22-AAMATCGC	STREME-22	seq_67	55	62	+	11.51	AAAATCGC
22-AAMATCGC	STREME-22	seq_203	61	68	+	11.51	AAAATCGC
22-AAMATCGC	STREME-22	seq_2	3	10	+	11.51	AAAATCGC
22-AAMATCGC	STREME-22	seq_150	62	69	+	11.51	AAAATCGC
22-AAMATCGC	STREME-22	seq_70	67	74	+	11.34	AAACTCGC
22-AAMATCGC	STREME-22	seq_171	35	42	-	11.34	AAACTCGC
22-AAMATCGC	STREME-22	seq_275	69	76	+	11.25	ATACTCGC
22-AAMATCGC	STREME-22	seq_276	33	40	-	10.98	AGAATCGC
22-AAMATCGC	STREME-22	seq_265	38	45	+	10.93	AAAGTCGC
22-AAMATCGC	STREME-22	seq_36	40	47	+	10.84	ATAGTCGC
22-AAMATCGC	STREME-22	seq_44	26	33	-	10.84	ATAGTCGC
22-AAMATCGC	STREME-22	seq_161	43	50	-	10.70	TACATCGC
22-AAMATCGC	STREME-22	seq_160	25	32	-	10.70	TACATCGC
22-AAMATCGC	STREME-22	seq_211	41	48	+	10.62	TAAATCGC
22-AAMATCGC	STREME-22	seq_263	56	63	+	10.62	TAAATCGC
22-AAMATCGC	STREME-22	seq_241	49	56	+	10.62	TAAATCGC
22-AAMATCGC	STREME-22	seq_232	31	38	+	10.59	AGACTCGC
22-AAMATCGC	STREME-22	seq_207	37	44	-	10.46	AACGTCGC
22-AAMATCGC	STREME-22	seq_134	23	30	+	10.44	TAACTCGC
22-AAMATCGC	STREME-22	seq_33	27	34	-	10.42	AAGATCGC
22-AAMATCGC	STREME-22	seq_29	25	32	+	10.42	AAGATCGC
22-AAMATCGC	STREME-22	seq_157	34	41	+	10.42	AAGATCGC
22-AAMATCGC	STREME-22	seq_204	74	81	-	10.34	ATCATCGC
22-AAMATCGC	STREME-22	seq_88	28	35	-	10.34	ATCATCGC
22-AAMATCGC	STREME-22	seq_19	33	40	-	10.34	ATCATCGC
22-AAMATCGC	STREME-22	seq_96	61	68	+	10.34	ATCATCGC
22-AAMATCGC	STREME-22	seq_45	24	31	+	10.34	ATCATCGC
22-AAMATCGC	STREME-22	seq_245	37	44	-	10.34	ATCATCGC
22-AAMATCGC	STREME-22	seq_206	33	40	+	10.34	ATCATCGC
22-AAMATCGC	STREME-22	seq_126	42	49	+	10.03	TAAGTCGC
22-AAMATCGC	STREME-22	seq_230	26	33	-	9.89	AGCATCGC
22-AAMATCGC	STREME-22	seq_247	30	37	+	9.89	AGCATCGC
22-AAMATCGC	STREME-22	seq_178	5	12	+	9.27	TTACTCGC
22-AAMATCGC	STREME-22	seq_32	50	57	+	9.19	ATCCTCGC
22-AAMATCGC	STREME-22	seq_216	16	23	+	9.19	ATCCTCGC
#
23-ATTTTTTCMDCG	STREME-23	seq_275	55	66	-	15.22	ATTTTTTCCACG
23-ATTTTTTCMDCG	STREME-23	seq_48	21	32	-	13.87	ATTTTTTCCACA
23-ATTTTTTCMDCG	STREME-23	seq_256	48	59	-	13.77	ATTTTTTCAGTG
23-ATTTTTTCMDCG	STREME-23	seq_229	6	17	+	13.03	ACTTTTTACACG
23-ATTTTTTCMDCG	STREME-23	seq_268	9	20	-	12.55	ATTTTTTCAGCA
23-ATTTTTTCMDCG	STREME-23	seq_208	1	12	-	12.31	ATTTGTTCCTTG
23-ATTTTTTCMDCG	STREME-23	seq_70	43	54	-	12.14	ATTTGTTCCACC
23-ATTTTTTCMDCG	STREME-23	seq_231	57	68	+	12.13	ATTTTTACCGCG
23-ATTTTTTCMDCG	STREME-23	seq_132	30	41	+	11.91	GTTTTTTCAGTG
23-ATTTTTTCMDCG	STREME-23	seq_37	8	19	+	11.87	ATTTCTTCCCCG
23-ATTTTTTCMDCG	STREME-23	seq_137	8	19	+	11.42	ATTTTTTACGCT
23-ATTTTTTCMDCG	STREME-23	seq_140	9	20	-	11.23	GTTCTTTCAGCG
23-ATTTTTTCMDCG	STREME-23	seq_64	60	71	+	11.18	ACTTTTACAGTG
23-ATTTTTTCMDCG	STREME-23	seq_59	36	47	+	11.15	ATTTGTTCTACC
23-ATTTTTTCMDCG	STREME-23	seq_188	48	59	+	10.97	GTATTTTCCGTG
23-ATTTTTTCMDCG	STREME-23	seq_75	22	33	-	10.89	ATTCTTCCCACA
23-ATTTTTTCMDCG	STREME-23	seq_286	5	16	-	10.89	ATTTTTTCCATT
23-ATTTTTTCMDCG	STREME-23	seq_146	21	32	-	10.67	ATATTTTCAAGG
23-ATTTTTTCMDCG	STREME-23	seq_210	14	25	-	10.67	ATAGTTTCAGCG
23-ATTTTTTCMDCG	STREME-23	seq_132	5	16	-	10.60	GTTTGTTCCGCA
23-ATTTTTTCMDCG	STREME-23	seq_167	34	45	+	10.58	ATTTCTTACATA
23-ATTTTTTCMDCG	STREME-23	seq_274	29	40	+	10.41	ATTTGTTTACCG
23-ATTTTTTCMDCG	STREME-23	seq_212	34	45	+	9.97	ATTTGTTTCGCA
23-ATTTTTTCMDCG	STREME-23	seq_135	47	58	+	9.89	ATTTTTTCAATT
23-ATTTTTTCMDCG	STREME-23	seq_67	48	59	-	9.87	ATTTTTACTATA
23-ATTTTTTCMDCG	STREME-23	seq_136	65	76	-	9.86	ACTTGTTTTACG
23-ATTTTTTCMDCG	STREME-23	seq_98	47	58	+	9.80	ACTGTTTCAGTA
23-ATTTTTTCMDCG	STREME-23	seq_251	19	30	-	9.75	ATTCTTTAAAGG
23-ATTTTTTCMDCG	STREME-23	seq_252	42	53	+	9.67	ATATCTTCAAGG
23-ATTTTTTCMDCG	STREME-23	seq_19	38	49	+	9.65	GATTTTTCCACG
23-ATTTTTTCMDCG	STREME-23	seq_234	27	38	-	9.63	ATAGTTTCCTCA
23-ATTTTTTCMDCG	STREME-23	seq_155	24	35	+	9.52	ATATGTTCACTA
23-ATTTTTTCMDCG	STREME-23	seq_25	22	33	+	9.50	GTTTTTCCCGTG
23-ATTTTTTCMDCG	STREME-23	seq_19	63	74	-	9.49	GCTTGTTCCACA
23-ATTTTTTCMDCG	STREME-23	seq_126	61	72	-	9.47	ATTTCTTCTTCA
23-ATTTTTTCMDCG	STREME-23	seq_155	12	23	+	9.47	ACTTCTTCATGG
23-ATTTTTTCMDCG	STREME-23	seq_119	58	69	+	9.40	ACTTGTTCAAGT
23-ATTTTTTCMDCG	STREME-23	seq_176	25	36	+	9.38	ATTTCTCCCTGG
23-ATTTTTTCMDCG	STREME-23	seq_81	56	67	+	9.36	ATTCTTTTCGGG
23-ATTTTTTCMDCG	STREME-23	seq_240	55	66	+	9.35	ATTTGTATCTCG
23-ATTTTTTCMDCG	STREME-23	seq_293	40	51	+	9.26	ATATCTTCATCA
23-ATTTTTTCMDCG	STREME-23	seq_87	63	74	+	9.20	GCTTTTTCCGTG
23-ATTTTTTCMDCG	STREME-23	seq_111	52	63	-	9.19	ATATTTTCCGCC
23-ATTTTTTCMDCG	STREME-23	seq_227	50	61	+	9.19	ATTCTTTCCAAG
23-ATTTTTTCMDCG	STREME-23	seq_38	9	20	-	9.13	GTTTTTTCTGCA
23-ATTTTTTCMDCG	STREME-23	seq_21	35	46	-	9.03	ATTCGTCCATCG
23-ATTTTTTCMDCG	STREME-23	seq_134	2	13	-	9.02	ATTCTTTAATCT
23-ATTTTTTCMDCG	STREME-23	seq_261	51	62	-	9.01	ATTCTTTTCCCG
23-ATTTTTTCMDCG	STREME-23	seq_53	30	41	-	9.00	ATTTTTACCGCC
23-ATTTTTTCMDCG	STREME-23	seq_149	4	15	+	9.00	AATTGTTACGTA
23-ATTTTTTCMDCG	STREME-23	seq_23	49	60	-	8.98	ATACTTTACTCC
23-ATTTTTTCMDCG	STREME-23	seq_113	62	73	+	8.96	ACTTCTTTAACT
23-ATTTTTTCMDCG	STREME-23	seq_116	49	60	-	8.94	GTTTTTACTATG
23-ATTTTTTCMDCG	STREME-23	seq_162	62	73	+	8.88	ATAGTTTCAAGG
23-ATTTTTTCMDCG	STREME-23	seq_14	63	74	+	8.83	ATTTTTTTTGCG
23-ATTTTTTCMDCG	STREME-23	seq_286	49	60	-	8.79	ATTCTTTCTTTA
23-ATTTTTTCMDCG	STREME-23	seq_214	27	38	-	8.73	AATTTTTCCTGG
23-ATTTTTTCMDCG	STREME-23	seq_112	21	32	-	8.72	ATTTTTCAAGCG
23-ATTTTTTCMDCG	STREME-23	seq_152	8	19	-	8.71	AATTTTTCTGCG
#
24-GGCTGAAWTR	STREME-24	seq_73	42	51	+	15.58	GGCTGAATTA
24-GGCTGAAWTR	STREME-24	seq_148	10	19	-	14.32	GGCTGAAATA
24-GGCTGAAWTR	STREME-24	seq_107	7	16	+	14.11	GGCTGAAATG
24-GGCTGAAWTR	STREME-24	seq_179	37	46	+	13.61	GTCAGAATTA
24-GGCTGAAWTR	STREME-24	seq_17	33	42	+	13.26	GCCTGAATTG
24-GGCTGAAWTR	STREME-24	seq_122	52	61	+	12.82	GTCTGGATTA
24-GGCTGAAWTR	STREME-24	seq_130	17	26	+	12.73	GGCAGAAATA
24-GGCTGAAWTR	STREME-24	seq_65	38	47	+	12.68	GCCTGAAATA
24-GGCTGAAWTR	STREME-24	seq_178	11	20	+	12.68	GCCTGAAATA
24-GGCTGAAWTR	STREME-24	seq_223	62	71	-	12.52	GGCCGAATTA
24-GGCTGAAWTR	STREME-24	seq_156	71	80	-	12.33	GGCTGAACTG
24-GGCTGAAWTR	STREME-24	seq_136	17	26	+	12.19	GCCAGAATTG
24-GGCTGAAWTR	STREME-24	seq_55	15	24	-	12.10	GGCTGAAACA
24-GGCTGAAWTR	STREME-24	seq_127	63	72	+	12.10	GTCTAAATTA
24-GGCTGAAWTR	STREME-24	seq_99	48	57	+	11.14	GGCTTAATTG
24-GGCTGAAWTR	STREME-24	seq_150	68	77	+	11.10	GCCTGAATCA
24-GGCTGAAWTR	STREME-24	seq_270	54	63	+	11.06	GGCCGAAATG
24-GGCTGAAWTR	STREME-24	seq_217	58	67	+	10.81	GTCCGAAATG
24-GGCTGAAWTR	STREME-24	seq_143	2	11	-	10.74	GGCAGAAACG
24-GGCTGAAWTR	STREME-24	seq_187	7	16	-	10.70	GGCAGGATTG
24-GGCTGAAWTR	STREME-24	seq_248	72	81	+	10.70	GGCAGGATTG
24-GGCTGAAWTR	STREME-24	seq_39	39	48	+	10.69	GCCTGAAACG
24-GGCTGAAWTR	STREME-24	seq_131	6	15	+	10.37	GGATGAATTG
24-GGCTGAAWTR	STREME-24	seq_57	71	80	-	10.26	GTCTGAATTT
24-GGCTGAAWTR	STREME-24	seq_263	53	62	+	9.95	GGCTAAATCG
24-GGCTGAAWTR	STREME-24	seq_13	29	38	-	9.69	TTCTGAATTA
24-GGCTGAAWTR	STREME-24	seq_140	68	77	-	9.44	GTCCGAATCA
#
25-GCCATTTTCMTG	STREME-25	seq_110	6	17	+	16.61	GCCATTTTCATG
25-GCCATTTTCMTG	STREME-25	seq_131	44	55	-	15.75	GCCATTTTCAGG
25-GCCATTTTCMTG	STREME-25	seq_292	55	66	+	14.95	GCCATTTTCACG
25-GCCATTTTCMTG	STREME-25	seq_70	23	34	+	14.08	GCCACTCTCTTG
25-GCCATTTTCMTG	STREME-25	seq_153	37	48	-	13.56	GCCAGTCTCGGG
25-GCCATTTTCMTG	STREME-25	seq_64	38	49	+	13.17	GCCATTTCCTTG
25-GCCATTTTCMTG	STREME-25	seq_174	55	66	-	12.99	GTCATTTTGGTG
25-GCCATTTTCMTG	STREME-25	seq_127	25	36	-	12.82	CCCATTCTCCTG
25-GCCATTTTCMTG	STREME-25	seq_215	27	38	-	12.70	GCCACCTTCATG
25-GCCATTTTCMTG	STREME-25	seq_92	28	39	+	12.60	GTCATTTAGATG
25-GCCATTTTCMTG	STREME-25	seq_7	12	23	-	11.90	GCCATTCACCAG
25-GCCATTTTCMTG	STREME-25	seq_33	36	47	+	11.58	GCTAGTTCCCTG
25-GCCATTTTCMTG	STREME-25	seq_36	12	23	+	11.56	GTCAGTTTCATC
25-GCCATTTTCMTG	STREME-25	seq_171	58	69	+	11.45	GTCATTTGCAAG
25-GCCATTTTCMTG	STREME-25	seq_140	49	60	+	11.43	GTAATTTTCGAG
25-GCCATTTTCMTG	STREME-25	seq_276	8	19	+	11.18	GCCATTTGCCCG
25-GCCATTTTCMTG	STREME-25	seq_274	67	78	+	10.78	GCCACTCTGGAG
25-GCCATTTTCMTG	STREME-25	seq_13	44	55	+	10.66	GTAATTTACGAG
25-GCCATTTTCMTG	STREME-25	seq_109	36	47	+	10.61	GCCATCTTTAGG
25-GCCATTTTCMTG	STREME-25	seq_181	32	43	+	10.41	GCCAGATTCTGG
25-GCCATTTTCMTG	STREME-25	seq_51	43	54	-	10.34	GCAATTTTGCTG
25-GCCATTTTCMTG	STREME-25	seq_176	67	78	-	10.28	GCCAGCTGCCTG
#
26-AAAGGYGAWGATTK	STREME-26	seq_23	61	74	+	18.56	AAAGGTGATGATTT
26-AAAGGYGAWGATTK	STREME-26	seq_56	37	50	-	17.92	AAAGGTGATGATTC
26-AAAGGYGAWGATTK	STREME-26	seq_214	43	56	-	15.16	AAAGGTTAAGGATG
26-AAAGGYGAWGATTK	STREME-26	seq_69	68	81	+	14.75	GAAGGTGAAGAACC
26-AAAGGYGAWGATTK	STREME-26	seq_141	62	75	+	14.37	AAAGACGACGATTG
26-AAAGGYGAWGATTK	STREME-26	seq_13	12	25	-	13.93	AAAGGTAAATATTT
26-AAAGGYGAWGATTK	STREME-26	seq_115	35	48	-	13.22	TAATGTGAAGAATT
26-AAAGGYGAWGATTK	STREME-26	seq_146	27	40	+	13.08	AAATATAATGATTG
26-AAAGGYGAWGATTK	STREME-26	seq_17	11	24	-	12.92	GAAGGTGGAGGTTT
26-AAAGGYGAWGATTK	STREME-26	seq_205	26	39	-	12.76	AAAGGTTATGAGCG
26-AAAGGYGAWGATTK	STREME-26	seq_209	38	51	-	12.75	AAAGATGAAAGTTC
26-AAAGGYGAWGATTK	STREME-26	seq_113	62	75	-	12.32	AAAGTTAAAGAAGT
26-AAAGGYGAWGATTK	STREME-26	seq_286	14	27	-	12.27	AAATGTTATGGATT
26-AAAGGYGAWGATTK	STREME-26	seq_251	52	65	+	12.18	AAAGGCCATGATCA
26-AAAGGYGAWGATTK	STREME-26	seq_289	58	71	-	12.09	GAAGACAAAGAATG
26-AAAGGYGAWGATTK	STREME-26	seq_73	20	33	+	12.08	AAAGACCATGATCA
26-AAAGGYGAWGATTK	STREME-26	seq_107	33	46	+	11.80	AAATGTGAAAATGT
26-AAAGGYGAWGATTK	STREME-26	seq_197	8	21	-	11.76	AAAGACGATGCAGT
26-AAAGGYGAWGATTK	STREME-26	seq_215	42	55	-	11.60	AAAGTTAATGCTTT
26-AAAGGYGAWGATTK	STREME-26	seq_28	56	69	+	11.22	AAATGCTAAAATTG
#
27-SGCAAAKYCRYGTT	STREME-27	seq_110	27	40	-	17.94	GGCAAATCCGTGTT
27-SGCAAAKYCRYGTT	STREME-27	seq_243	17	30	+	17.19	GGCTAATGCACGTT
27-SGCAAAKYCRYGTT	STREME-27	seq_288	23	36	-	16.35	CGCAAAGTCATGGG
27-SGCAAAKYCRYGTT	STREME-27	seq_230	2	15	-	16.15	GGCAAAGCCATGGG
27-SGCAAAKYCRYGTT	STREME-27	seq_252	58	71	-	16.12	CGCAAAGCCATGTC
27-SGCAAAKYCRYGTT	STREME-27	seq_39	23	36	+	15.52	CGTAACGTCGTGTT
27-SGCAAAKYCRYGTT	STREME-27	seq_265	54	67	-	15.35	CTCAAAGCCATGTT
27-SGCAAAKYCRYGTT	STREME-27	seq_45	2	15	-	15.18	GGCAAATTCGCGGT
27-SGCAAAKYCRYGTT	STREME-27	seq_20	6	19	-	15.17	CGCAAAGGCGCGTT
27-SGCAAAKYCRYGTT	STREME-27	seq_9	29	42	-	14.46	GGCTAATCGAAGTG
27-SGCAAAKYCRYGTT	STREME-27	seq_8	45	58	+	14.06	CGTAAATTGGCGGT
27-SGCAAAKYCRYGTT	STREME-27	seq_177	23	36	-	13.90	GGTTAATCCAAGCT
27-SGCAAAKYCRYGTT	STREME-27	seq_191	28	41	-	13.08	GGTTAATTTATGTT
27-SGCAAAKYCRYGTT	STREME-27	seq_145	29	42	-	12.79	CGCAAAGCGGCGTC
27-SGCAAAKYCRYGTT	STREME-27	seq_282	59	72	-	12.74	CGCAAATGCACGCG
#
28-CGCTTGCAMSYY	STREME-28	seq_200	7	18	+	16.83	CGCTTGCACGCT
28-CGCTTGCAMSYY	STREME-28	seq_180	32	43	+	15.50	CGCTTGCAACCT
28-CGCTTGCAMSYY	STREME-28	seq_30	48	59	-	15.22	CGCTTGCCAGTT
28-CGCTTGCAMSYY	STREME-28	seq_82	48	59	-	15.18	CGCTTGCAAGCC
28-CGCTTGCAMSYY	STREME-28	seq_267	2	13	+	14.66	CGCTTGCTCCCT
28-CGCTTGCAMSYY	STREME-28	seq_81	39	50	+	14.48	CGTTTGCACGTC
28-CGCTTGCAMSYY	STREME-28	seq_240	3	14	-	14.32	GGCTTGCACGTT
28-CGCTTGCAMSYY	STREME-28	seq_17	57	68	-	13.89	CGTTTGCAAGTC
28-CGCTTGCAMSYY	STREME-28	seq_185	17	28	+	13.28	CGCTTGCTAGTA
28-CGCTTGCAMSYY	STREME-28	seq_278	56	67	+	12.95	CGCTCACACGGT
28-CGCTTGCAMSYY	STREME-28	seq_1	53	64	+	12.79	GGCTTACAACCC
28-CGCTTGCAMSYY	STREME-28	seq_165	42	53	-	12.00	CGCTTGAATGCT
28-CGCTTGCAMSYY	STREME-28	seq_187	67	78	-	11.77	CGCTCACCCCTT
28-CGCTTGCAMSYY	STREME-28	seq_293	57	68	+	11.64	CGCTTCCCCGGT
28-CGCTTGCAMSYY	STREME-28	seq_54	51	62	-	11.44	CGTTCGCTAGCC
28-CGCTTGCAMSYY	STREME-28	seq_10	47	58	-	11.27	CGCTTGCATCGC
28-CGCTTGCAMSYY	STREME-28	seq_2	52	63	+	10.82	AGGTTGCACGCC
28-CGCTTGCAMSYY	STREME-28	seq_224	10	21	+	10.81	AGTTTGCAACTT
28-CGCTTGCAMSYY	STREME-28	seq_39	52	63	-	10.78	CGCTTGACTCTT
28-CGCTTGCAMSYY	STREME-28	seq_277	35	46	-	10.46	CGCTTGCTAGGA
28-CGCTTGCAMSYY	STREME-28	seq_225	25	36	-	10.42	CGGTCACACGCC
#
29-CGRATTTGCA	STREME-29	seq_131	56	65	+	15.55	CGGATTTGCA
29-CGRATTTGCA	STREME-29	seq_53	48	57	-	15.55	CGGATTTGCA
29-CGRATTTGCA	STREME-29	seq_71	42	51	-	14.41	CGAATTTGCA
29-CGRATTTGCA	STREME-29	seq_219	56	65	+	14.31	CTGATTTGCA
29-CGRATTTGCA	STREME-29	seq_15	16	25	-	14.31	CTGATTTGCA
29-CGRATTTGCA	STREME-29	seq_110	59	68	-	14.07	CGAGTTTGCA
29-CGRATTTGCA	STREME-29	seq_91	1	10	-	14.02	CTAATTTGCA
29-CGRATTTGCA	STREME-29	seq_283	8	17	+	13.68	CGGATTTGCT
29-CGRATTTGCA	STREME-29	seq_21	17	26	+	13.09	CGCATTTGCA
29-CGRATTTGCA	STREME-29	seq_205	44	53	-	13.09	CGCATTTGCA
29-CGRATTTGCA	STREME-29	seq_260	9	18	-	12.49	CGGGTTTGCT
29-CGRATTTGCA	STREME-29	seq_89	49	58	-	12.35	CGAGTTAGCA
29-CGRATTTGCA	STREME-29	seq_81	31	40	-	12.21	CGAGTTTGCT
29-CGRATTTGCA	STREME-29	seq_111	71	80	-	12.07	CGGATTTGCG
29-CGRATTTGCA	STREME-29	seq_81	37	46	+	11.28	CTCGTTTGCA
29-CGRATTTGCA	STREME-29	seq_266	2	11	+	11.06	CAGATTTCCA
#
30-RAGCGGGNTKSM	STREME-30	seq_123	53	64	-	16.81	GAGCGGGGTGCC
30-RAGCGGGNTKSM	STREME-30	seq_238	69	80	+	16.56	GAGCGGGCTGGA
30-RAGCGGGNTKSM	STREME-30	seq_76	37	48	-	16.49	AAGCGGGATGCA
30-RAGCGGGNTKSM	STREME-30	seq_23	13	24	+	15.93	AAGCGGGATGCC
30-RAGCGGGNTKSM	STREME-30	seq_244	48	59	+	15.16	GAGCGGAGTTCA
30-RAGCGGGNTKSM	STREME-30	seq_168	69	80	+	14.94	GGGCGGGGTGCA
30-RAGCGGGNTKSM	STREME-30	seq_27	54	65	-	14.07	AAGCGGGCTTGA
30-RAGCGGGNTKSM	STREME-30	seq_3	40	51	-	13.45	AAGCGGGTTGAC
30-RAGCGGGNTKSM	STREME-30	seq_115	4	15	-	13.31	TAGCGGGTTTCC
30-RAGCGGGNTKSM	STREME-30	seq_219	22	33	+	12.78	GAGCGGATTGCG
30-RAGCGGGNTKSM	STREME-30	seq_7	52	63	-	12.67	GAGCGGCCTTGA
30-RAGCGGGNTKSM	STREME-30	seq_80	7	18	-	12.65	AGGCGGGATGCG
30-RAGCGGGNTKSM	STREME-30	seq_46	4	15	-	12.30	GGGCGGCATGGA
30-RAGCGGGNTKSM	STREME-30	seq_223	25	36	+	11.91	AAGCGGCCTTGA
30-RAGCGGGNTKSM	STREME-30	seq_84	9	20	+	11.20	GAGCGGACCGCA
30-RAGCGGGNTKSM	STREME-30	seq_53	49	60	-	11.16	AAGCGGATTTGC
30-RAGCGGGNTKSM	STREME-30	seq_107	2	13	+	11.05	GGGCGGGCTGAA
30-RAGCGGGNTKSM	STREME-30	seq_294	63	74	+	10.87	AAGCGGCACGCA
#
31-AAGACTGGAT	STREME-31	seq_260	21	30	+	16.95	AAGACTGGAT
31-AAGACTGGAT	STREME-31	seq_200	55	64	-	13.44	AAGACTGGTG
31-AAGACTGGAT	STREME-31	seq_48	10	19	-	12.99	AAGTCTGGTT
31-AAGACTGGAT	STREME-31	seq_216	60	69	+	12.66	AACACTAGAT
31-AAGACTGGAT	STREME-31	seq_251	8	17	+	12.61	ACGACTGTAG
31-AAGACTGGAT	STREME-31	seq_15	29	38	+	12.58	ACGTCTGGAT
31-AAGACTGGAT	STREME-31	seq_95	12	21	-	12.45	AAGACTGCAG
31-AAGACTGGAT	STREME-31	seq_198	48	57	+	11.82	ATGTCTGGAT
31-AAGACTGGAT	STREME-31	seq_219	42	51	-	11.78	AAGACTTTAT
31-AAGACTGGAT	STREME-31	seq_175	6	15	-	11.78	AAGACTTTAT
31-AAGACTGGAT	STREME-31	seq_35	57	66	+	11.66	AAGTCTGGTG
31-AAGACTGGAT	STREME-31	seq_164	68	77	-	10.99	AAGACAGTAG
31-AAGACTGGAT	STREME-31	seq_148	61	70	+	10.91	AACACTGGAC
#
32-CCGGATATT	STREME-32	seq_204	58	66	-	15.12	CCGGATATT
32-CCGGATATT	STREME-32	seq_230	43	51	+	15.12	CCGGATATT
32-CCGGATATT	STREME-32	seq_218	46	54	+	12.48	ACGGATATT
32-CCGGATATT	STREME-32	seq_246	4	12	+	12.23	CGGGATATT
32-CCGGATATT	STREME-32	seq_262	67	75	-	12.23	CGGGATATT
32-CCGGATATT	STREME-32	seq_259	66	74	+	12.17	CCGGATGTT
32-CCGGATATT	STREME-32	seq_8	15	23	-	12.08	TCGGATATT
32-CCGGATATT	STREME-32	seq_263	23	31	+	11.70	CCGAATATT
32-CCGGATATT	STREME-32	seq_59	65	73	+	11.10	CCGTATATC
32-CCGGATATT	STREME-32	seq_114	61	69	-	11.03	CCGGAAATT
32-CCGGATATT	STREME-32	seq_113	52	60	-	10.99	CTGGATATC
32-CCGGATATT	STREME-32	seq_225	64	72	+	10.98	CCGGATTTT
32-CCGGATATT	STREME-32	seq_153	22	30	+	10.54	CCGGTTATC
#
33-ATTCTCTTGMC	STREME-33	seq_16	9	19	+	17.52	ATTCTCTTGCC
33-ATTCTCTTGMC	STREME-33	seq_292	27	37	+	16.59	ATTCTCTTGAA
33-ATTCTCTTGMC	STREME-33	seq_222	10	20	+	16.20	ATTCTCTTGCA
33-ATTCTCTTGMC	STREME-33	seq_203	24	34	-	15.71	ATTCTCCTGAC
33-ATTCTCTTGMC	STREME-33	seq_173	20	30	-	15.00	GTTCTCTTGAA
33-ATTCTCTTGMC	STREME-33	seq_237	56	66	-	14.89	ATTTTCTTGAC
33-ATTCTCTTGMC	STREME-33	seq_155	39	49	+	13.76	GTTCTATTGAC
33-ATTCTCTTGMC	STREME-33	seq_127	23	33	-	13.30	ATTCTCCTGCA
33-ATTCTCTTGMC	STREME-33	seq_73	4	14	+	12.81	ATTCTCTCGCT
33-ATTCTCTTGMC	STREME-33	seq_143	17	27	+	12.55	AGCCTCTTGAC
33-ATTCTCTTGMC	STREME-33	seq_285	32	42	+	12.48	ATTTTCTTGCA
33-ATTCTCTTGMC	STREME-33	seq_5	32	42	-	12.38	ATTCTCTGACC
#
34-AGGTTGTG	STREME-34	seq_70	7	14	+	14.32	AGGTTGTG
34-AGGTTGTG	STREME-34	seq_6	29	36	+	13.42	AGGTAGTA
34-AGGTTGTG	STREME-34	seq_21	6	13	+	13.27	AGGTGGTG
34-AGGTTGTG	STREME-34	seq_179	72	79	-	12.09	ATGTAGTG
34-AGGTTGTG	STREME-34	seq_58	73	80	+	11.72	AGGTGGTA
34-AGGTTGTG	STREME-34	seq_164	2	9	+	11.71	GGGTAGTG
34-AGGTTGTG	STREME-34	seq_52	49	56	+	11.70	AGGCTGTG
34-AGGTTGTG	STREME-34	seq_214	5	12	-	11.70	AGGCTGTG
34-AGGTTGTG	STREME-34	seq_200	70	77	+	11.70	AGGCTGTG
34-AGGTTGTG	STREME-34	seq_287	29	36	-	11.44	ATGTTGTG
34-AGGTTGTG	STREME-34	seq_168	51	58	+	11.44	ATGTTGTG
34-AGGTTGTG	STREME-34	seq_237	27	34	-	11.01	AGGATGTG
34-AGGTTGTG	STREME-34	seq_289	71	78	-	10.80	AGGTTCTG
#
35-AAATGCCTGTAT	STREME-35	seq_48	43	54	-	21.80	AAATGCCTGTAT
35-AAATGCCTGTAT	STREME-35	seq_260	69	80	-	11.99	TAATGCCTATAT
35-AAATGCCTGTAT	STREME-35	seq_33	48	59	-	10.56	AAATGCCTGTCG
35-AAATGCCTGTAT	STREME-35	seq_212	26	37	-	9.90	AAATGCCTTTGT
35-AAATGCCTGTAT	STREME-35	seq_92	59	70	+	9.51	AAATGCCTGAAA
35-AAATGCCTGTAT	STREME-35	seq_129	68	79	+	8.57	ATACGCCTGTAC
35-AAATGCCTGTAT	STREME-35	seq_217	63	74	+	8.22	AAATGACTCTAC
35-AAATGCCTGTAT	STREME-35	seq_134	12	23	-	8.13	AACAGACTGTAT
35-AAATGCCTGTAT	STREME-35	seq_193	33	44	+	7.99	ACATGTCAGTAT
35-AAATGCCTGTAT	STREME-35	seq_37	40	51	+	7.82	AAATCCCTCTAG
35-AAATGCCTGTAT	STREME-35	seq_287	41	52	+	7.54	TAATGTCTATAT
35-AAATGCCTGTAT	STREME-35	seq_158	60	71	+	7.10	AACTGGCCGTAT
35-AAATGCCTGTAT	STREME-35	seq_279	23	34	+	7.06	AAATCAGTGTAT
#
36-AAATTTCAAAT	STREME-36	seq_115	67	77	-	15.92	AAATTTCAAAT
36-AAATTTCAAAT	STREME-36	seq_135	28	38	+	13.60	AAATATCACAT
36-AAATTTCAAAT	STREME-36	seq_39	70	80	-	12.91	AAATTTCACAA
36-AAATTTCAAAT	STREME-36	seq_258	20	30	+	12.45	AAATTTCAATG
36-AAATTTCAAAT	STREME-36	seq_278	9	19	-	12.35	AAATATCAAAA
36-AAATTTCAAAT	STREME-36	seq_281	6	16	+	12.24	AAACTTCAATT
36-AAATTTCAAAT	STREME-36	seq_85	9	19	+	11.96	AAATTTCGAAG
36-AAATTTCAAAT	STREME-36	seq_85	65	75	+	11.94	GAATTTCAAAG
36-AAATTTCAAAT	STREME-36	seq_155	60	70	-	11.89	TAATTTCCAAT
36-AAATTTCAAAT	STREME-36	seq_201	13	23	-	11.88	ATATTACAAAT
#
37-CTTGATCCC	STREME-37	seq_181	10	18	-	16.08	CTTGATCCC
37-CTTGATCCC	STREME-37	seq_61	30	38	-	14.92	CTTGATACC
37-CTTGATCCC	STREME-37	seq_20	56	64	+	14.80	CTTGATCCA
37-CTTGATCCC	STREME-37	seq_125	20	28	+	14.37	CTTGATCTC
37-CTTGATCCC	STREME-37	seq_36	2	10	+	13.69	CTTGATCTA
37-CTTGATCCC	STREME-37	seq_67	25	33	+	13.61	CTTGATACA
37-CTTGATCCC	STREME-37	seq_29	35	43	+	13.13	CTTGAACCC
37-CTTGATCCC	STREME-37	seq_173	17	25	-	13.13	CTTGAACCC
37-CTTGATCCC	STREME-37	seq_163	62	70	-	12.99	CTTCATCCC
37-CTTGATCCC	STREME-37	seq_168	25	33	+	12.84	CTTGATTCC
#
38-TTAWAWMCSCAACAW	STREME-38	seq_262	9	23	-	22.94	TTATAAACCCAACAA
38-TTAWAWMCSCAACAW	STREME-38	seq_178	21	35	-	22.94	TTATAAACCCAACAA
38-TTAWAWMCSCAACAW	STREME-38	seq_290	28	42	+	17.80	TTATTAACGAAACAT
38-TTAWAWMCSCAACAW	STREME-38	seq_153	63	77	-	16.41	TTAAATACTCATAAA
38-TTAWAWMCSCAACAW	STREME-38	seq_92	44	58	-	16.16	TTAAAACTGACACAA
38-TTAWAWMCSCAACAW	STREME-38	seq_78	37	51	-	15.83	TTAAATCTCCAAAAA
38-TTAWAWMCSCAACAW	STREME-38	seq_138	44	58	-	15.06	TTCAAAACCCAACTT
38-TTAWAWMCSCAACAW	STREME-38	seq_47	12	26	+	14.35	TTTTAACCCTCACAT
38-TTAWAWMCSCAACAW	STREME-38	seq_108	51	65	+	14.13	TTATTTAGGCATCAA
#
39-AATGAAAAATKA	STREME-39	seq_179	5	16	-	17.43	AATGAAAAATGA
39-AATGAAAAATKA	STREME-39	seq_206	42	53	+	17.08	AATGAGAAATTA
39-AATGAAAAATKA	STREME-39	seq_124	14	25	-	15.96	AATGAAAAATTC
39-AATGAAAAATKA	STREME-39	seq_99	68	79	-	15.57	AATGGAAAATAA
39-AATGAAAAATKA	STREME-39	seq_195	41	52	-	15.40	AATGGAAGATTC
39-AATGAAAAATKA	STREME-39	seq_134	50	61	-	14.90	AATGAATGATGA
39-AATGAAAAATKA	STREME-39	seq_254	31	42	+	13.93	AATAAAAACTGA
39-AATGAAAAATKA	STREME-39	seq_183	51	62	-	10.21	AATGGAAATTTA
#
40-ACGWTCCTSMM	STREME-40	seq_62	55	65	+	18.59	ACGTTCCTGAC
40-ACGWTCCTSMM	STREME-40	seq_286	67	77	-	16.85	ACGTTCCTCCA
40-ACGWTCCTSMM	STREME-40	seq_275	19	29	-	16.85	ACGTTCCTCCA
40-ACGWTCCTSMM	STREME-40	seq_38	38	48	+	16.80	ACGATCCTGCC
40-ACGWTCCTSMM	STREME-40	seq_84	1	11	+	16.68	ACGATCCTGAG
40-ACGWTCCTSMM	STREME-40	seq_71	60	70	-	15.03	ACGTTCGTTAC
40-ACGWTCCTSMM	STREME-40	seq_284	17	27	-	14.51	ACGATACTGAT
40-ACGWTCCTSMM	STREME-40	seq_127	2	12	+	13.39	ACGTTACTTCT
#
41-GCTTGCCGA	STREME-41	seq_189	41	49	-	15.77	GCTTGCCGA
41-GCTTGCCGA	STREME-41	seq_29	70	78	-	15.77	GCTTGCCGA
41-GCTTGCCGA	STREME-41	seq_74	11	19	+	15.77	GCTTGCCGA
41-GCTTGCCGA	STREME-41	seq_179	63	71	-	11.54	GCTTGCCTA
41-GCTTGCCGA	STREME-41	seq_218	23	31	+	11.50	GCTTGACGA
41-GCTTGCCGA	STREME-41	seq_243	62	70	-	11.04	GCTTGCTGA
41-GCTTGCCGA	STREME-41	seq_93	44	52	-	10.93	GGTTGCCGA
41-GCTTGCCGA	STREME-41	seq_104	21	29	-	10.82	GCGTGCCGA
41-GCTTGCCGA	STREME-41	seq_63	67	75	+	10.60	CCTTGCCGA
#
42-GGTTAAGAAA	STREME-42	seq_166	16	25	+	17.49	GGTTAAGAAA
42-GGTTAAGAAA	STREME-42	seq_203	69	78	+	17.49	GGTTAAGAAA
42-GGTTAAGAAA	STREME-42	seq_75	69	78	+	15.04	CGTTAAGAAA
42-GGTTAAGAAA	STREME-42	seq_109	58	67	-	14.15	GGCTAAGATA
42-GGTTAAGAAA	STREME-42	seq_265	69	78	+	13.78	GGATAAGACA
42-GGTTAAGAAA	STREME-42	seq_180	9	18	+	13.70	TGGTAAGAAA
42-GGTTAAGAAA	STREME-42	seq_13	57	66	+	13.31	GGTTAACCAA
42-GGTTAAGAAA	STREME-42	seq_171	17	26	+	10.95	CGTTAAGCCA
#
43-GTCACGGTC	STREME-43	seq_72	5	13	-	16.46	GTCACGGTC
43-GTCACGGTC	STREME-43	seq_55	38	46	-	16.46	GTCACGGTC
43-GTCACGGTC	STREME-43	seq_177	1	9	+	13.35	GTGACGGTC
43-GTCACGGTC	STREME-43	seq_255	72	80	+	13.34	GTCTCGGAC
43-GTCACGGTC	STREME-43	seq_174	69	77	-	13.33	GTCACGGGC
43-GTCACGGTC	STREME-43	seq_39	10	18	+	13.04	GTCACGGCC
43-GTCACGGTC	STREME-43	seq_200	33	41	+	12.88	GTCTCGGTA
43-GTCACGGTC	STREME-43	seq_52	16	24	+	12.40	GTCACGGAG
#
44-ATCTGGCAAKC	STREME-44	seq_262	42	52	+	16.90	ATCTGGTAAGC
44-ATCTGGCAAKC	STREME-44	seq_178	54	64	+	16.90	ATCTGGTAAGC
44-ATCTGGCAAKC	STREME-44	seq_288	66	76	+	14.27	AGCTGGGAATC
44-ATCTGGCAAKC	STREME-44	seq_124	41	51	+	13.35	ATCAGGCAAGC
44-ATCTGGCAAKC	STREME-44	seq_97	35	45	-	13.31	ATCTGGCACCC
44-ATCTGGCAAKC	STREME-44	seq_112	2	12	-	12.39	TGCTGGCAATC
44-ATCTGGCAAKC	STREME-44	seq_146	36	46	-	12.23	ATAGGGCAATC
44-ATCTGGCAAKC	STREME-44	seq_144	44	54	-	11.98	ATCTGGCCATG
44-ATCTGGCAAKC	STREME-44	seq_35	13	23	-	11.91	ATCTGCCAATA
44-ATCTGGCAAKC	STREME-44	seq_31	50	60	-	11.07	ATGTTGCAATC
#
45-ACWAACGC	STREME-45	seq_83	42	49	-	15.28	ACTAACGC
45-ACWAACGC	STREME-45	seq_86	66	73	-	15.28	ACTAACGC
45-ACWAACGC	STREME-45	seq_275	44	51	-	14.29	ACTAACTC
45-ACWAACGC	STREME-45	seq_184	11	18	-	14.21	ACAAACGC
45-ACWAACGC	STREME-45	seq_100	23	30	-	14.21	ACAAACGC
45-ACWAACGC	STREME-45	seq_145	43	50	-	14.21	ACAAACGC
45-ACWAACGC	STREME-45	seq_270	68	75	+	13.22	ACAAACTC
45-ACWAACGC	STREME-45	seq_132	11	18	+	13.22	ACAAACTC
#
46-AGGASCGCA	STREME-46	seq_126	15	23	+	16.38	AGGACCGCA
46-AGGASCGCA	STREME-46	seq_80	53	61	+	16.38	AGGACCGCA
46-AGGASCGCA	STREME-46	seq_261	33	41	-	15.47	AGGAGCGCA
46-AGGASCGCA	STREME-46	seq_107	68	76	+	15.47	AGGAGCGCA
46-AGGASCGCA	STREME-46	seq_201	37	45	-	14.03	AGGACCGCG
46-AGGASCGCA	STREME-46	seq_54	6	14	+	13.64	AAGACCGCA
46-AGGASCGCA	STREME-46	seq_123	4	12	-	13.12	AGGAGCGCG
#
47-CAATWSCAATMKC	STREME-47	seq_276	51	63	+	20.30	CAATAGCAATATC
47-CAATWSCAATMKC	STREME-47	seq_213	18	30	+	19.95	CAATACCTATCTC
47-CAATWSCAATMKC	STREME-47	seq_276	45	57	+	18.00	CATTAGCAATAGC
47-CAATWSCAATMKC	STREME-47	seq_54	37	49	+	17.94	CAATAGCCCTCTC
47-CAATWSCAATMKC	STREME-47	seq_210	53	65	-	17.62	CAATTGCAATAGC
47-CAATWSCAATMKC	STREME-47	seq_282	28	40	+	16.44	CATTATCAATATC
47-CAATWSCAATMKC	STREME-47	seq_185	36	48	-	14.66	CAATTCCAAGCGC
47-CAATWSCAATMKC	STREME-47	seq_206	12	24	+	10.63	CTATTCCAAGCTC
#
48-GGATATGG	STREME-48	seq_3	8	15	+	15.15	GGATATGG
48-GGATATGG	STREME-48	seq_89	67	74	+	15.15	GGATATGG
48-GGATATGG	STREME-48	seq_126	3	10	+	10.64	GGATAGGG
48-GGATATGG	STREME-48	seq_217	45	52	-	10.64	GGATAGGG
48-GGATATGG	STREME-48	seq_248	8	15	-	10.42	GGATACGG
48-GGATATGG	STREME-48	seq_164	58	65	-	10.41	GGTTATGG
48-GGATATGG	STREME-48	seq_138	32	39	-	10.41	GGTTATGG
#
49-CGTCAACA	STREME-49	seq_46	35	42	+	15.14	CGTCAACA
49-CGTCAACA	STREME-49	seq_47	3	10	+	15.14	CGTCAACA
49-CGTCAACA	STREME-49	seq_223	49	56	-	15.14	CGTCAACA
49-CGTCAACA	STREME-49	seq_230	66	73	+	15.14	CGTCAACA
49-CGTCAACA	STREME-49	seq_202	60	67	-	10.60	CGTTAACA
49-CGTCAACA	STREME-49	seq_267	71	78	+	10.60	CGTTAACA
49-CGTCAACA	STREME-49	seq_166	69	76	+	10.56	CGTCCACA
49-CGTCAACA	STREME-49	seq_214	18	25	-	10.56	CGTCCACA
49-CGTCAACA	STREME-49	seq_244	7	14	-	10.56	CGTCCACA
#
50-AACGGCGAAAAC	STREME-50	seq_133	69	80	-	18.63	AACGGCGAAAAC
50-AACGGCGAAAAC	STREME-50	seq_145	69	80	-	16.48	AACGACGAAACC
50-AACGGCGAAAAC	STREME-50	seq_170	63	74	-	15.35	AACGGAGGATAC
50-AACGGCGAAAAC	STREME-50	seq_286	28	39	-	15.10	AACGGCGCAATC
50-AACGGCGAAAAC	STREME-50	seq_291	37	48	-	14.97	AACGGCCAAAGC
50-AACGGCGAAAAC	STREME-50	seq_141	44	55	+	14.75	AACGGCGAAGAA
#
51-ACATAAAGCA	STREME-51	seq_117	29	38	+	17.77	ACATAAAGCA
51-ACATAAAGCA	STREME-51	seq_180	46	55	-	15.86	TCATAAAGCA
51-ACATAAAGCA	STREME-51	seq_137	62	71	+	15.75	ACAGAAAGCA
51-ACATAAAGCA	STREME-51	seq_141	26	35	-	15.41	GCATAAAGCA
51-ACATAAAGCA	STREME-51	seq_140	33	42	-	15.35	ATATAAAGCA
51-ACATAAAGCA	STREME-51	seq_43	14	23	-	14.06	TTATAAAGCA
#
52-AGGTKTCGY	STREME-52	seq_6	68	76	-	16.52	AGGTGTCGT
52-AGGTKTCGY	STREME-52	seq_172	23	31	-	15.61	AGGTGTCGC
52-AGGTKTCGY	STREME-52	seq_271	62	70	-	14.79	AGGTTTCGT
52-AGGTKTCGY	STREME-52	seq_199	18	26	-	14.25	AGGTCTCGC
52-AGGTKTCGY	STREME-52	seq_293	26	34	+	13.02	AGGTGTTGC
52-AGGTKTCGY	STREME-52	seq_43	69	77	-	12.86	AGGTTCCGT
#
53-ATCAATCC	STREME-53	seq_193	48	55	+	14.59	ATCAATCC
53-ATCAATCC	STREME-53	seq_31	10	17	+	14.59	ATCAATCC
53-ATCAATCC	STREME-53	seq_135	15	22	-	14.59	ATCAATCC
53-ATCAATCC	STREME-53	seq_187	5	12	+	14.59	ATCAATCC
53-ATCAATCC	STREME-53	seq_35	6	13	-	10.89	ATCACTCC
53-ATCAATCC	STREME-53	seq_100	66	73	+	10.89	ATCACTCC
53-ATCAATCC	STREME-53	seq_285	57	64	+	10.32	ATCTATCC
#
54-CAAAGTGMATYAC	STREME-54	seq_175	16	28	-	21.83	CAAAGTGCATTAC
54-CAAAGTGMATYAC	STREME-54	seq_74	43	55	-	18.58	CAAACTGCATCAC
54-CAAAGTGMATYAC	STREME-54	seq_258	36	48	-	17.53	CAAAGTGAGATAC
54-CAAAGTGMATYAC	STREME-54	seq_18	3	15	+	16.01	CAAATTGCCTCAC
54-CAAAGTGMATYAC	STREME-54	seq_183	66	78	-	15.59	CAAAGTGAATGAA
54-CAAAGTGMATYAC	STREME-54	seq_207	17	29	+	12.99	GAATGTGCATTGC
#
55-CCCGATGCG	STREME-55	seq_49	58	66	-	16.22	CCCGATGCG
55-CCCGATGCG	STREME-55	seq_295	41	49	-	11.33	CCCGATCCG
55-CCCGATGCG	STREME-55	seq_251	68	76	-	11.22	CACGATGCG
55-CCCGATGCG	STREME-55	seq_40	40	48	+	11.21	CCCGATTCG
55-CCCGATGCG	STREME-55	seq_64	24	32	-	11.02	CCCGATGCC
55-CCCGATGCG	STREME-55	seq_35	72	80	+	11.02	CCCGATGCC
#
56-CGGTAMACCA	STREME-56	seq_72	37	46	+	18.14	CGGTAAACCA
56-CGGTAMACCA	STREME-56	seq_55	70	79	+	18.14	CGGTAAACCA
56-CGGTAMACCA	STREME-56	seq_284	28	37	-	16.92	TGGTACACCA
56-CGGTAMACCA	STREME-56	seq_131	33	42	+	16.47	CGGTACACCT
56-CGGTAMACCA	STREME-56	seq_13	56	65	+	16.03	CGGTTAACCA
56-CGGTAMACCA	STREME-56	seq_185	49	58	-	15.09	GGGTAAACCC
56-CGGTAMACCA	STREME-56	seq_129	50	59	+	14.78	CGGTTAACTA
#
57-GATTGTTAD	STREME-57	seq_295	67	75	+	16.14	GATTGTTAA
57-GATTGTTAD	STREME-57	seq_79	56	64	-	16.14	GATTGTTAA
57-GATTGTTAD	STREME-57	seq_122	24	32	-	15.88	GATTGTTAT
57-GATTGTTAD	STREME-57	seq_63	31	39	-	15.81	GATTGTTAG
57-GATTGTTAD	STREME-57	seq_40	2	10	-	15.23	GATAGTTAT
57-GATTGTTAD	STREME-57	seq_264	62	70	-	9.88	GATGGTTAA
#
58-WCTTGCGCS	STREME-58	seq_14	50	58	-	15.52	ACTTGCGCC
58-WCTTGCGCS	STREME-58	seq_114	68	76	-	15.52	ACTTGCGCC
58-WCTTGCGCS	STREME-58	seq_125	40	48	+	14.36	ACTTGCGCG
58-WCTTGCGCS	STREME-58	seq_66	50	58	-	14.36	ACTTGCGCG
58-WCTTGCGCS	STREME-58	seq_59	19	27	+	14.33	TCTTGCGCC
58-WCTTGCGCS	STREME-58	seq_114	48	56	+	14.33	TCTTGCGCC
58-WCTTGCGCS	STREME-58	seq_51	58	66	+	13.25	CCTTGCGCC
#
59-WGTTACSYA	STREME-59	seq_37	21	29	+	18.05	AGTTACCTA
59-WGTTACSYA	STREME-59	seq_149	7	15	+	15.66	TGTTACGTA
59-WGTTACSYA	STREME-59	seq_91	20	28	+	14.84	AGTTATCTA
59-WGTTACSYA	STREME-59	seq_119	27	35	+	14.56	AGTTACGCA
59-WGTTACSYA	STREME-59	seq_291	23	31	-	14.56	AGTTACGCA
59-WGTTACSYA	STREME-59	seq_86	29	37	+	13.47	TGATACCTA
59-WGTTACSYA	STREME-59	seq_156	3	11	-	13.39	TGTCACCTA
#
60-AAACCAAATC	STREME-60	seq_265	17	26	-	17.51	AAACCAAATC
60-AAACCAAATC	STREME-60	seq_37	35	44	+	17.51	AAACCAAATC
60-AAACCAAATC	STREME-60	seq_62	68	77	-	17.31	TAACCAAATC
60-AAACCAAATC	STREME-60	seq_75	5	14	+	16.45	AAACCAAACC
60-AAACCAAATC	STREME-60	seq_89	68	77	-	11.34	AAACCATATC
60-AAACCAAATC	STREME-60	seq_90	64	73	+	11.03	AAACCAAAGC
#
61-ACTAAAAT	STREME-61	seq_122	40	47	-	15.54	ACTAAAAT
61-ACTAAAAT	STREME-61	seq_90	9	16	+	15.54	ACTAAAAT
61-ACTAAAAT	STREME-61	seq_240	46	53	-	15.54	ACTAAAAT
61-ACTAAAAT	STREME-61	seq_290	74	81	-	15.22	ACTAGAAT
61-ACTAAAAT	STREME-61	seq_43	28	35	+	10.04	ACTATAAT
#
62-ARAGGCAA	STREME-62	seq_148	32	39	-	14.39	AGAGGCAA
62-ARAGGCAA	STREME-62	seq_131	20	27	-	14.39	AGAGGCAA
62-ARAGGCAA	STREME-62	seq_279	73	80	-	12.81	AAAGGCAA
62-ARAGGCAA	STREME-62	seq_8	33	40	+	12.81	AAAGGCAA
62-ARAGGCAA	STREME-62	seq_137	54	61	+	9.25	AGAGGCTA
#
63-ATGATCGTC	STREME-63	seq_72	52	60	-	16.33	ATGATCGTC
63-ATGATCGTC	STREME-63	seq_111	30	38	-	16.33	ATGATCGTC
63-ATGATCGTC	STREME-63	seq_62	10	18	+	14.66	ATAATCGTC
63-ATGATCGTC	STREME-63	seq_118	67	75	-	13.50	ATGATCGCC
63-ATGATCGTC	STREME-63	seq_179	22	30	+	13.40	ACGCTCGTC
#
64-CCGATTCCATC	STREME-64	seq_198	21	31	-	20.29	CCGATTCCATC
64-CCGATTCCATC	STREME-64	seq_37	71	81	-	20.29	CCGATTCCATC
64-CCGATTCCATC	STREME-64	seq_31	17	27	+	11.33	CCGATTACCTC
64-CCGATTCCATC	STREME-64	seq_73	1	11	+	10.58	CCGATTCTCTC
64-CCGATTCCATC	STREME-64	seq_50	17	27	+	10.54	CCGATACCATG
64-CCGATTCCATC	STREME-64	seq_222	64	74	-	10.41	TCGATCCCATC
64-CCGATTCCATC	STREME-64	seq_51	3	13	+	10.25	CCGAATCCACC
64-CCGATTCCATC	STREME-64	seq_186	16	26	+	10.12	ACGCTTCCATC
64-CCGATTCCATC	STREME-64	seq_145	14	24	+	9.91	CCGATGCTATC
#
65-CGCCCGCAT	STREME-65	seq_129	4	12	-	15.17	CGCCCGCAT
65-CGCCCGCAT	STREME-65	seq_258	6	14	-	15.17	CGCCCGCAT
65-CGCCCGCAT	STREME-65	seq_69	36	44	+	14.90	CCCCCGCAT
65-CGCCCGCAT	STREME-65	seq_263	34	42	+	14.73	CACCCGCAT
65-CGCCCGCAT	STREME-65	seq_157	55	63	+	13.97	CGCCCGCAC
#
66-GAGTTGTA	STREME-66	seq_108	23	30	+	17.02	GAGTTGTA
66-GAGTTGTA	STREME-66	seq_31	40	47	+	17.02	GAGTTGTA
66-GAGTTGTA	STREME-66	seq_5	51	58	+	17.02	GAGTTGTA
66-GAGTTGTA	STREME-66	seq_193	25	32	-	12.10	TAGTTGTA
66-GAGTTGTA	STREME-66	seq_167	58	65	+	11.29	GTGTTGTA
#
67-TTGCGCAA	STREME-67	seq_75	48	55	+	13.08	TTGCGCAA
67-TTGCGCAA	STREME-67	seq_73	68	75	+	13.08	TTGCGCAA
67-TTGCGCAA	STREME-67	seq_198	4	11	+	13.08	TTGCGCAA
67-TTGCGCAA	STREME-67	seq_107	27	34	+	13.08	TTGCGCAA
67-TTGCGCAA	STREME-67	seq_37	54	61	+	13.08	TTGCGCAA
67-TTGCGCAA	STREME-67	seq_200	25	32	+	13.08	TTGCGCAA
#
68-CCTCGCG	STREME-68	seq_112	59	65	-	13.01	CCTCGCG
68-CCTCGCG	STREME-68	seq_202	18	24	-	13.01	CCTCGCG
68-CCTCGCG	STREME-68	seq_291	49	55	+	13.01	CCTCGCG
68-CCTCGCG	STREME-68	seq_159	5	11	+	13.01	CCTCGCG
68-CCTCGCG	STREME-68	seq_15	47	53	-	13.01	CCTCGCG
68-CCTCGCG	STREME-68	seq_111	15	21	+	13.01	CCTCGCG
68-CCTCGCG	STREME-68	seq_1	7	13	+	13.01	CCTCGCG
68-CCTCGCG	STREME-68	seq_144	73	79	+	13.01	CCTCGCG
68-CCTCGCG	STREME-68	seq_229	22	28	-	8.92	CCTCGAG
68-CCTCGCG	STREME-68	seq_36	49	55	-	8.79	CCTCTCG
68-CCTCGCG	STREME-68	seq_223	8	14	-	8.79	CCTCTCG
#
69-ATGGAC	STREME-69	seq_64	6	11	-	11.76	ATGGAC
69-ATGGAC	STREME-69	seq_174	49	54	-	11.76	ATGGAC
69-ATGGAC	STREME-69	seq_141	16	21	-	11.76	ATGGAC
69-ATGGAC	STREME-69	seq_21	37	42	+	11.76	ATGGAC
69-ATGGAC	STREME-69	seq_215	63	68	+	11.76	ATGGAC
69-ATGGAC	STREME-69	seq_180	3	8	+	11.76	ATGGAC
69-ATGGAC	STREME-69	seq_198	15	20	+	11.76	ATGGAC
69-ATGGAC	STREME-69	seq_37	65	70	+	11.76	ATGGAC
69-ATGGAC	STREME-69	seq_150	12	17	-	11.76	ATGGAC
69-ATGGAC	STREME-69	seq_209	53	58	-	11.76	ATGGAC
69-ATGGAC	STREME-69	seq_62	39	44	-	11.76	ATGGAC
69-ATGGAC	STREME-69	seq_229	70	75	+	11.76	ATGGAC
#
70-AGCCTTCAAGKMA	STREME-70	seq_172	43	55	+	20.78	AGCCTTCAAGGAA
70-AGCCTTCAAGKMA	STREME-70	seq_157	6	18	+	20.52	AGCCTTCAAGGCA
70-AGCCTTCAAGKMA	STREME-70	seq_82	22	34	+	20.06	AGCCTTCAGGTAG
70-AGCCTTCAAGKMA	STREME-70	seq_252	6	18	+	19.60	AGCAGTCAAGTCA
