motif_ID	motif_ALT_ID	motif_P-value	seq_ID	seq_Score	seq_Class	is_holdout?
1-CCTGGCGR	STREME-1	6.1e-003	seq_16	13.95	tp	0
1-CCTGGCGR	STREME-1	6.1e-003	seq_74	13.95	tp	0
1-CCTGGCGR	STREME-1	6.1e-003	seq_137	13.95	tp	0
1-CCTGGCGR	STREME-1	6.1e-003	seq_447	13.95	tp	0
1-CCTGGCGR	STREME-1	6.1e-003	seq_293	13.95	tp	0
1-CCTGGCGR	STREME-1	6.1e-003	seq_206	13.95	tp	0
1-CCTGGCGR	STREME-1	6.1e-003	seq_159	13.01	tp	0
1-CCTGGCGR	STREME-1	6.1e-003	seq_373	12.99	tp	0
1-CCTGGCGR	STREME-1	6.1e-003	seq_207	12.99	tp	0
1-CCTGGCGR	STREME-1	6.1e-003	seq_55	12.99	tp	0
1-CCTGGCGR	STREME-1	6.1e-003	seq_358	12.99	tp	0
1-CCTGGCGR	STREME-1	6.1e-003	seq_115	12.99	tp	0
1-CCTGGCGR	STREME-1	6.1e-003	seq_286	12.99	tp	0
1-CCTGGCGR	STREME-1	6.1e-003	seq_225	12.99	tp	0
1-CCTGGCGR	STREME-1	6.1e-003	seq_219	12.99	tp	0
1-CCTGGCGR	STREME-1	6.1e-003	seq_412	12.99	tp	0
1-CCTGGCGR	STREME-1	6.1e-003	seq_247	12.99	tp	0
1-CCTGGCGR	STREME-1	6.1e-003	seq_191	12.99	tp	0
1-CCTGGCGR	STREME-1	6.1e-003	seq_260	12.99	tp	0
1-CCTGGCGR	STREME-1	6.1e-003	seq_318	12.99	tp	0
1-CCTGGCGR	STREME-1	6.1e-003	seq_186	12.99	tp	0
1-CCTGGCGR	STREME-1	6.1e-003	seq_399	12.99	fp	0
1-CCTGGCGR	STREME-1	6.1e-003	seq_241	12.99	tp	1
1-CCTGGCGR	STREME-1	6.1e-003	seq_411	12.99	tp	1
1-CCTGGCGR	STREME-1	6.1e-003	seq_270	12.99	tp	1
1-CCTGGCGR	STREME-1	6.1e-003	seq_77	12.86	tp	0
1-CCTGGCGR	STREME-1	6.1e-003	seq_215	12.86	tp	0
1-CCTGGCGR	STREME-1	6.1e-003	seq_28	12.86	tp	0
1-CCTGGCGR	STREME-1	6.1e-003	seq_76	12.86	tp	0
1-CCTGGCGR	STREME-1	6.1e-003	seq_49	12.86	tp	0
1-CCTGGCGR	STREME-1	6.1e-003	seq_73	12.86	tp	0
1-CCTGGCGR	STREME-1	6.1e-003	seq_64	12.86	tp	0
1-CCTGGCGR	STREME-1	6.1e-003	seq_223	12.86	tp	0
1-CCTGGCGR	STREME-1	6.1e-003	seq_283	12.86	tp	0
1-CCTGGCGR	STREME-1	6.1e-003	seq_227	12.86	tp	0
1-CCTGGCGR	STREME-1	6.1e-003	seq_411	12.86	fp	0
1-CCTGGCGR	STREME-1	6.1e-003	seq_197	12.12	tp	0
1-CCTGGCGR	STREME-1	6.1e-003	seq_222	12.12	tp	0
1-CCTGGCGR	STREME-1	6.1e-003	seq_315	12.12	tp	0
1-CCTGGCGR	STREME-1	6.1e-003	seq_15	12.12	tp	0
1-CCTGGCGR	STREME-1	6.1e-003	seq_144	12.12	tp	0
1-CCTGGCGR	STREME-1	6.1e-003	seq_408	12.12	tp	0
1-CCTGGCGR	STREME-1	6.1e-003	seq_445	12.12	tp	0
1-CCTGGCGR	STREME-1	6.1e-003	seq_75	12.12	tp	1
1-CCTGGCGR	STREME-1	6.1e-003	seq_196	11.91	tp	0
1-CCTGGCGR	STREME-1	6.1e-003	seq_195	11.91	fp	0
1-CCTGGCGR	STREME-1	6.1e-003	seq_46	11.12	tp	0
1-CCTGGCGR	STREME-1	6.1e-003	seq_251	11.12	tp	0
1-CCTGGCGR	STREME-1	6.1e-003	seq_64	11.12	fp	0
1-CCTGGCGR	STREME-1	6.1e-003	seq_241	11.12	fp	0
1-CCTGGCGR	STREME-1	6.1e-003	seq_56	11.09	tp	0
1-CCTGGCGR	STREME-1	6.1e-003	seq_132	11.09	tp	0
1-CCTGGCGR	STREME-1	6.1e-003	seq_364	11.09	tp	0
1-CCTGGCGR	STREME-1	6.1e-003	seq_440	10.24	tp	0
1-CCTGGCGR	STREME-1	6.1e-003	seq_33	10.24	tp	0
1-CCTGGCGR	STREME-1	6.1e-003	seq_360	10.24	tp	0
1-CCTGGCGR	STREME-1	6.1e-003	seq_373	10.24	fp	0
1-CCTGGCGR	STREME-1	6.1e-003	seq_438	10.14	tp	0
1-CCTGGCGR	STREME-1	6.1e-003	seq_170	10.14	tp	0
1-CCTGGCGR	STREME-1	6.1e-003	seq_375	10.14	tp	1
1-CCTGGCGR	STREME-1	6.1e-003	seq_26	10.14	tp	1
1-CCTGGCGR	STREME-1	6.1e-003	seq_68	10.14	tp	1
1-CCTGGCGR	STREME-1	6.1e-003	seq_90	10.03	tp	0
1-CCTGGCGR	STREME-1	6.1e-003	seq_406	10.03	tp	0
1-CCTGGCGR	STREME-1	6.1e-003	seq_66	10.03	tp	0
1-CCTGGCGR	STREME-1	6.1e-003	seq_363	10.02	tp	0
1-CCTGGCGR	STREME-1	6.1e-003	seq_3	9.89	tp	0
1-CCTGGCGR	STREME-1	6.1e-003	seq_301	9.89	tp	0
1-CCTGGCGR	STREME-1	6.1e-003	seq_392	9.71	tp	0
1-CCTGGCGR	STREME-1	6.1e-003	seq_430	9.71	tp	0
1-CCTGGCGR	STREME-1	6.1e-003	seq_262	9.49	tp	0
1-CCTGGCGR	STREME-1	6.1e-003	seq_220	9.49	tp	0
1-CCTGGCGR	STREME-1	6.1e-003	seq_29	9.04	tp	0
1-CCTGGCGR	STREME-1	6.1e-003	seq_119	8.97	tp	0
1-CCTGGCGR	STREME-1	6.1e-003	seq_388	8.97	tp	0
1-CCTGGCGR	STREME-1	6.1e-003	seq_231	8.96	tp	0
1-CCTGGCGR	STREME-1	6.1e-003	seq_405	8.96	tp	0
1-CCTGGCGR	STREME-1	6.1e-003	seq_39	8.96	tp	0
1-CCTGGCGR	STREME-1	6.1e-003	seq_11	8.96	fp	0
#
2-CGTWGYAAGK	STREME-2	5.8e-002	seq_421	17.42	fp	0
2-CGTWGYAAGK	STREME-2	5.8e-002	seq_207	17.19	tp	0
2-CGTWGYAAGK	STREME-2	5.8e-002	seq_55	17.19	tp	0
2-CGTWGYAAGK	STREME-2	5.8e-002	seq_358	17.19	tp	0
2-CGTWGYAAGK	STREME-2	5.8e-002	seq_115	17.19	tp	0
2-CGTWGYAAGK	STREME-2	5.8e-002	seq_219	17.19	tp	0
2-CGTWGYAAGK	STREME-2	5.8e-002	seq_412	17.19	tp	0
2-CGTWGYAAGK	STREME-2	5.8e-002	seq_247	17.19	tp	0
2-CGTWGYAAGK	STREME-2	5.8e-002	seq_144	17.19	tp	0
2-CGTWGYAAGK	STREME-2	5.8e-002	seq_191	17.19	tp	0
2-CGTWGYAAGK	STREME-2	5.8e-002	seq_318	17.19	tp	0
2-CGTWGYAAGK	STREME-2	5.8e-002	seq_186	17.19	tp	0
2-CGTWGYAAGK	STREME-2	5.8e-002	seq_241	17.19	tp	1
2-CGTWGYAAGK	STREME-2	5.8e-002	seq_75	17.19	tp	1
2-CGTWGYAAGK	STREME-2	5.8e-002	seq_411	17.19	tp	1
2-CGTWGYAAGK	STREME-2	5.8e-002	seq_270	17.19	tp	1
2-CGTWGYAAGK	STREME-2	5.8e-002	seq_77	17.12	tp	0
2-CGTWGYAAGK	STREME-2	5.8e-002	seq_215	17.12	tp	0
2-CGTWGYAAGK	STREME-2	5.8e-002	seq_76	17.12	tp	0
2-CGTWGYAAGK	STREME-2	5.8e-002	seq_49	17.12	tp	0
2-CGTWGYAAGK	STREME-2	5.8e-002	seq_73	17.12	tp	0
2-CGTWGYAAGK	STREME-2	5.8e-002	seq_64	17.12	tp	0
2-CGTWGYAAGK	STREME-2	5.8e-002	seq_283	17.12	tp	0
2-CGTWGYAAGK	STREME-2	5.8e-002	seq_227	17.12	tp	0
2-CGTWGYAAGK	STREME-2	5.8e-002	seq_304	14.26	tp	0
2-CGTWGYAAGK	STREME-2	5.8e-002	seq_9	14.26	tp	0
2-CGTWGYAAGK	STREME-2	5.8e-002	seq_90	13.85	tp	0
2-CGTWGYAAGK	STREME-2	5.8e-002	seq_406	13.85	tp	0
2-CGTWGYAAGK	STREME-2	5.8e-002	seq_51	12.93	tp	0
2-CGTWGYAAGK	STREME-2	5.8e-002	seq_267	12.84	tp	0
2-CGTWGYAAGK	STREME-2	5.8e-002	seq_312	12.66	tp	0
#
3-CTTCATCCKSRA	STREME-3	5.8e-002	seq_197	20.45	tp	0
3-CTTCATCCKSRA	STREME-3	5.8e-002	seq_222	20.45	tp	0
3-CTTCATCCKSRA	STREME-3	5.8e-002	seq_115	20.45	tp	0
3-CTTCATCCKSRA	STREME-3	5.8e-002	seq_219	20.45	tp	0
3-CTTCATCCKSRA	STREME-3	5.8e-002	seq_412	20.45	tp	0
3-CTTCATCCKSRA	STREME-3	5.8e-002	seq_247	20.45	tp	0
3-CTTCATCCKSRA	STREME-3	5.8e-002	seq_144	20.45	tp	0
3-CTTCATCCKSRA	STREME-3	5.8e-002	seq_191	20.45	tp	0
3-CTTCATCCKSRA	STREME-3	5.8e-002	seq_318	20.45	tp	0
3-CTTCATCCKSRA	STREME-3	5.8e-002	seq_445	20.45	tp	0
3-CTTCATCCKSRA	STREME-3	5.8e-002	seq_186	20.45	tp	0
3-CTTCATCCKSRA	STREME-3	5.8e-002	seq_75	20.45	tp	1
3-CTTCATCCKSRA	STREME-3	5.8e-002	seq_270	20.45	tp	1
3-CTTCATCCKSRA	STREME-3	5.8e-002	seq_373	19.15	tp	0
3-CTTCATCCKSRA	STREME-3	5.8e-002	seq_207	19.15	tp	0
3-CTTCATCCKSRA	STREME-3	5.8e-002	seq_55	19.15	tp	0
3-CTTCATCCKSRA	STREME-3	5.8e-002	seq_215	19.15	tp	0
3-CTTCATCCKSRA	STREME-3	5.8e-002	seq_223	19.15	tp	0
3-CTTCATCCKSRA	STREME-3	5.8e-002	seq_283	19.15	tp	0
3-CTTCATCCKSRA	STREME-3	5.8e-002	seq_227	19.15	tp	0
3-CTTCATCCKSRA	STREME-3	5.8e-002	seq_411	19.15	tp	1
3-CTTCATCCKSRA	STREME-3	5.8e-002	seq_89	19.06	tp	0
3-CTTCATCCKSRA	STREME-3	5.8e-002	seq_292	16.07	tp	0
3-CTTCATCCKSRA	STREME-3	5.8e-002	seq_379	11.60	tp	0
3-CTTCATCCKSRA	STREME-3	5.8e-002	seq_11	11.60	tp	1
#
4-AWAGCG	STREME-4	8.8e-002	seq_369	10.48	tp	0
4-AWAGCG	STREME-4	8.8e-002	seq_240	10.48	tp	0
4-AWAGCG	STREME-4	8.8e-002	seq_1	10.48	tp	0
4-AWAGCG	STREME-4	8.8e-002	seq_243	10.48	tp	0
4-AWAGCG	STREME-4	8.8e-002	seq_218	10.48	tp	0
4-AWAGCG	STREME-4	8.8e-002	seq_30	10.48	tp	0
4-AWAGCG	STREME-4	8.8e-002	seq_444	10.48	tp	0
4-AWAGCG	STREME-4	8.8e-002	seq_419	10.48	tp	0
4-AWAGCG	STREME-4	8.8e-002	seq_189	10.48	tp	0
4-AWAGCG	STREME-4	8.8e-002	seq_335	10.48	tp	0
4-AWAGCG	STREME-4	8.8e-002	seq_108	10.48	tp	0
4-AWAGCG	STREME-4	8.8e-002	seq_194	10.48	tp	0
4-AWAGCG	STREME-4	8.8e-002	seq_20	10.48	tp	0
4-AWAGCG	STREME-4	8.8e-002	seq_110	10.48	tp	0
4-AWAGCG	STREME-4	8.8e-002	seq_443	10.48	tp	0
4-AWAGCG	STREME-4	8.8e-002	seq_57	10.48	tp	0
4-AWAGCG	STREME-4	8.8e-002	seq_53	10.48	tp	0
4-AWAGCG	STREME-4	8.8e-002	seq_122	10.48	tp	0
4-AWAGCG	STREME-4	8.8e-002	seq_253	10.48	tp	0
4-AWAGCG	STREME-4	8.8e-002	seq_348	10.48	tp	0
4-AWAGCG	STREME-4	8.8e-002	seq_393	10.48	tp	0
4-AWAGCG	STREME-4	8.8e-002	seq_78	10.48	tp	0
4-AWAGCG	STREME-4	8.8e-002	seq_297	10.48	tp	0
4-AWAGCG	STREME-4	8.8e-002	seq_201	10.48	tp	0
4-AWAGCG	STREME-4	8.8e-002	seq_330	10.48	tp	0
4-AWAGCG	STREME-4	8.8e-002	seq_312	10.48	tp	0
4-AWAGCG	STREME-4	8.8e-002	seq_453	10.48	tp	0
4-AWAGCG	STREME-4	8.8e-002	seq_305	10.48	fp	0
4-AWAGCG	STREME-4	8.8e-002	seq_282	10.48	fp	0
4-AWAGCG	STREME-4	8.8e-002	seq_209	10.48	fp	0
4-AWAGCG	STREME-4	8.8e-002	seq_1	10.48	fp	0
4-AWAGCG	STREME-4	8.8e-002	seq_108	10.48	fp	0
4-AWAGCG	STREME-4	8.8e-002	seq_446	10.48	fp	0
4-AWAGCG	STREME-4	8.8e-002	seq_396	10.48	fp	0
4-AWAGCG	STREME-4	8.8e-002	seq_226	10.48	fp	0
4-AWAGCG	STREME-4	8.8e-002	seq_87	10.48	fp	0
4-AWAGCG	STREME-4	8.8e-002	seq_370	10.48	tp	1
4-AWAGCG	STREME-4	8.8e-002	seq_141	10.48	tp	1
4-AWAGCG	STREME-4	8.8e-002	seq_43	10.48	tp	1
4-AWAGCG	STREME-4	8.8e-002	seq_82	10.48	tp	1
4-AWAGCG	STREME-4	8.8e-002	seq_221	10.48	tp	1
4-AWAGCG	STREME-4	8.8e-002	seq_262	10.48	fp	1
4-AWAGCG	STREME-4	8.8e-002	seq_5	10.48	fp	1
4-AWAGCG	STREME-4	8.8e-002	seq_418	9.71	tp	0
4-AWAGCG	STREME-4	8.8e-002	seq_387	9.71	tp	0
4-AWAGCG	STREME-4	8.8e-002	seq_452	9.71	tp	0
4-AWAGCG	STREME-4	8.8e-002	seq_134	9.71	tp	0
4-AWAGCG	STREME-4	8.8e-002	seq_196	9.71	tp	0
4-AWAGCG	STREME-4	8.8e-002	seq_416	9.71	tp	0
4-AWAGCG	STREME-4	8.8e-002	seq_251	9.71	tp	0
4-AWAGCG	STREME-4	8.8e-002	seq_109	9.71	tp	0
4-AWAGCG	STREME-4	8.8e-002	seq_415	9.71	tp	0
4-AWAGCG	STREME-4	8.8e-002	seq_154	9.71	tp	0
4-AWAGCG	STREME-4	8.8e-002	seq_382	9.71	tp	0
4-AWAGCG	STREME-4	8.8e-002	seq_4	9.71	tp	0
4-AWAGCG	STREME-4	8.8e-002	seq_159	9.71	fp	0
4-AWAGCG	STREME-4	8.8e-002	seq_20	9.71	fp	0
4-AWAGCG	STREME-4	8.8e-002	seq_203	9.71	fp	0
4-AWAGCG	STREME-4	8.8e-002	seq_68	9.71	fp	0
4-AWAGCG	STREME-4	8.8e-002	seq_41	9.71	fp	0
4-AWAGCG	STREME-4	8.8e-002	seq_60	9.71	fp	0
4-AWAGCG	STREME-4	8.8e-002	seq_365	9.71	tp	1
4-AWAGCG	STREME-4	8.8e-002	seq_107	9.71	tp	1
4-AWAGCG	STREME-4	8.8e-002	seq_140	9.71	tp	1
4-AWAGCG	STREME-4	8.8e-002	seq_307	9.71	fp	1
4-AWAGCG	STREME-4	8.8e-002	seq_428	9.71	fp	1
4-AWAGCG	STREME-4	8.8e-002	seq_177	9.71	fp	1
4-AWAGCG	STREME-4	8.8e-002	seq_366	9.71	fp	1
4-AWAGCG	STREME-4	8.8e-002	seq_238	9.37	tp	0
4-AWAGCG	STREME-4	8.8e-002	seq_289	9.37	tp	0
4-AWAGCG	STREME-4	8.8e-002	seq_392	9.37	tp	0
4-AWAGCG	STREME-4	8.8e-002	seq_197	9.37	tp	0
4-AWAGCG	STREME-4	8.8e-002	seq_179	9.37	tp	0
4-AWAGCG	STREME-4	8.8e-002	seq_46	9.37	tp	0
4-AWAGCG	STREME-4	8.8e-002	seq_222	9.37	tp	0
4-AWAGCG	STREME-4	8.8e-002	seq_237	9.37	tp	0
4-AWAGCG	STREME-4	8.8e-002	seq_166	9.37	tp	0
4-AWAGCG	STREME-4	8.8e-002	seq_431	9.37	tp	0
4-AWAGCG	STREME-4	8.8e-002	seq_85	9.37	tp	0
4-AWAGCG	STREME-4	8.8e-002	seq_436	9.37	tp	0
4-AWAGCG	STREME-4	8.8e-002	seq_254	9.37	tp	0
4-AWAGCG	STREME-4	8.8e-002	seq_446	9.37	tp	0
4-AWAGCG	STREME-4	8.8e-002	seq_126	9.37	tp	0
4-AWAGCG	STREME-4	8.8e-002	seq_327	9.37	tp	0
4-AWAGCG	STREME-4	8.8e-002	seq_115	9.37	tp	0
4-AWAGCG	STREME-4	8.8e-002	seq_432	9.37	tp	0
4-AWAGCG	STREME-4	8.8e-002	seq_409	9.37	tp	0
4-AWAGCG	STREME-4	8.8e-002	seq_181	9.37	tp	0
4-AWAGCG	STREME-4	8.8e-002	seq_286	9.37	tp	0
4-AWAGCG	STREME-4	8.8e-002	seq_219	9.37	tp	0
4-AWAGCG	STREME-4	8.8e-002	seq_285	9.37	tp	0
4-AWAGCG	STREME-4	8.8e-002	seq_174	9.37	tp	0
4-AWAGCG	STREME-4	8.8e-002	seq_176	9.37	tp	0
4-AWAGCG	STREME-4	8.8e-002	seq_412	9.37	tp	0
4-AWAGCG	STREME-4	8.8e-002	seq_247	9.37	tp	0
4-AWAGCG	STREME-4	8.8e-002	seq_250	9.37	tp	0
4-AWAGCG	STREME-4	8.8e-002	seq_231	9.37	tp	0
4-AWAGCG	STREME-4	8.8e-002	seq_405	9.37	tp	0
4-AWAGCG	STREME-4	8.8e-002	seq_144	9.37	tp	0
4-AWAGCG	STREME-4	8.8e-002	seq_265	9.37	tp	0
4-AWAGCG	STREME-4	8.8e-002	seq_117	9.37	tp	0
4-AWAGCG	STREME-4	8.8e-002	seq_191	9.37	tp	0
4-AWAGCG	STREME-4	8.8e-002	seq_371	9.37	tp	0
4-AWAGCG	STREME-4	8.8e-002	seq_342	9.37	tp	0
4-AWAGCG	STREME-4	8.8e-002	seq_316	9.37	tp	0
4-AWAGCG	STREME-4	8.8e-002	seq_38	9.37	tp	0
4-AWAGCG	STREME-4	8.8e-002	seq_54	9.37	tp	0
4-AWAGCG	STREME-4	8.8e-002	seq_260	9.37	tp	0
4-AWAGCG	STREME-4	8.8e-002	seq_318	9.37	tp	0
4-AWAGCG	STREME-4	8.8e-002	seq_3	9.37	tp	0
4-AWAGCG	STREME-4	8.8e-002	seq_39	9.37	tp	0
4-AWAGCG	STREME-4	8.8e-002	seq_341	9.37	tp	0
4-AWAGCG	STREME-4	8.8e-002	seq_190	9.37	tp	0
4-AWAGCG	STREME-4	8.8e-002	seq_445	9.37	tp	0
4-AWAGCG	STREME-4	8.8e-002	seq_454	9.37	tp	0
4-AWAGCG	STREME-4	8.8e-002	seq_186	9.37	tp	0
4-AWAGCG	STREME-4	8.8e-002	seq_398	9.37	tp	0
4-AWAGCG	STREME-4	8.8e-002	seq_339	9.37	tp	0
4-AWAGCG	STREME-4	8.8e-002	seq_137	9.37	tp	0
4-AWAGCG	STREME-4	8.8e-002	seq_65	9.37	tp	0
4-AWAGCG	STREME-4	8.8e-002	seq_302	9.37	tp	0
4-AWAGCG	STREME-4	8.8e-002	seq_271	9.37	tp	0
4-AWAGCG	STREME-4	8.8e-002	seq_229	9.37	tp	0
4-AWAGCG	STREME-4	8.8e-002	seq_129	9.37	tp	0
4-AWAGCG	STREME-4	8.8e-002	seq_413	9.37	tp	0
4-AWAGCG	STREME-4	8.8e-002	seq_301	9.37	tp	0
4-AWAGCG	STREME-4	8.8e-002	seq_81	9.37	tp	0
4-AWAGCG	STREME-4	8.8e-002	seq_90	9.37	fp	0
4-AWAGCG	STREME-4	8.8e-002	seq_285	9.37	fp	0
4-AWAGCG	STREME-4	8.8e-002	seq_28	9.37	fp	0
4-AWAGCG	STREME-4	8.8e-002	seq_171	9.37	fp	0
4-AWAGCG	STREME-4	8.8e-002	seq_405	9.37	fp	0
4-AWAGCG	STREME-4	8.8e-002	seq_391	9.37	fp	0
4-AWAGCG	STREME-4	8.8e-002	seq_243	9.37	fp	0
4-AWAGCG	STREME-4	8.8e-002	seq_341	9.37	fp	0
4-AWAGCG	STREME-4	8.8e-002	seq_267	9.37	fp	0
4-AWAGCG	STREME-4	8.8e-002	seq_367	9.37	fp	0
4-AWAGCG	STREME-4	8.8e-002	seq_254	9.37	fp	0
4-AWAGCG	STREME-4	8.8e-002	seq_25	9.37	fp	0
4-AWAGCG	STREME-4	8.8e-002	seq_185	9.37	fp	0
4-AWAGCG	STREME-4	8.8e-002	seq_169	9.37	fp	0
4-AWAGCG	STREME-4	8.8e-002	seq_409	9.37	fp	0
4-AWAGCG	STREME-4	8.8e-002	seq_6	9.37	fp	0
4-AWAGCG	STREME-4	8.8e-002	seq_237	9.37	fp	0
4-AWAGCG	STREME-4	8.8e-002	seq_176	9.37	fp	0
4-AWAGCG	STREME-4	8.8e-002	seq_201	9.37	fp	0
4-AWAGCG	STREME-4	8.8e-002	seq_179	9.37	fp	0
4-AWAGCG	STREME-4	8.8e-002	seq_150	9.37	fp	0
4-AWAGCG	STREME-4	8.8e-002	seq_442	9.37	fp	0
4-AWAGCG	STREME-4	8.8e-002	seq_214	9.37	fp	0
4-AWAGCG	STREME-4	8.8e-002	seq_453	9.37	fp	0
4-AWAGCG	STREME-4	8.8e-002	seq_43	9.37	fp	0
4-AWAGCG	STREME-4	8.8e-002	seq_166	9.37	fp	0
4-AWAGCG	STREME-4	8.8e-002	seq_436	9.37	fp	0
4-AWAGCG	STREME-4	8.8e-002	seq_338	9.37	fp	0
4-AWAGCG	STREME-4	8.8e-002	seq_3	9.37	fp	0
4-AWAGCG	STREME-4	8.8e-002	seq_17	9.37	fp	0
4-AWAGCG	STREME-4	8.8e-002	seq_81	9.37	fp	0
4-AWAGCG	STREME-4	8.8e-002	seq_218	9.37	fp	0
4-AWAGCG	STREME-4	8.8e-002	seq_26	9.37	tp	1
4-AWAGCG	STREME-4	8.8e-002	seq_75	9.37	tp	1
4-AWAGCG	STREME-4	8.8e-002	seq_152	9.37	tp	1
4-AWAGCG	STREME-4	8.8e-002	seq_25	9.37	tp	1
4-AWAGCG	STREME-4	8.8e-002	seq_355	9.37	tp	1
4-AWAGCG	STREME-4	8.8e-002	seq_99	9.37	tp	1
4-AWAGCG	STREME-4	8.8e-002	seq_258	9.37	tp	1
4-AWAGCG	STREME-4	8.8e-002	seq_300	9.37	tp	1
4-AWAGCG	STREME-4	8.8e-002	seq_316	9.37	fp	1
4-AWAGCG	STREME-4	8.8e-002	seq_441	9.37	fp	1
4-AWAGCG	STREME-4	8.8e-002	seq_88	8.60	tp	0
4-AWAGCG	STREME-4	8.8e-002	seq_155	8.60	tp	0
4-AWAGCG	STREME-4	8.8e-002	seq_177	8.60	tp	0
4-AWAGCG	STREME-4	8.8e-002	seq_351	8.60	tp	0
4-AWAGCG	STREME-4	8.8e-002	seq_276	8.60	tp	0
4-AWAGCG	STREME-4	8.8e-002	seq_394	8.60	tp	0
4-AWAGCG	STREME-4	8.8e-002	seq_183	8.60	tp	0
4-AWAGCG	STREME-4	8.8e-002	seq_408	8.60	tp	0
4-AWAGCG	STREME-4	8.8e-002	seq_151	8.60	tp	0
4-AWAGCG	STREME-4	8.8e-002	seq_96	8.60	tp	0
4-AWAGCG	STREME-4	8.8e-002	seq_426	8.60	tp	0
4-AWAGCG	STREME-4	8.8e-002	seq_255	8.60	tp	0
4-AWAGCG	STREME-4	8.8e-002	seq_456	8.60	tp	0
4-AWAGCG	STREME-4	8.8e-002	seq_325	8.60	tp	0
4-AWAGCG	STREME-4	8.8e-002	seq_309	8.60	tp	0
4-AWAGCG	STREME-4	8.8e-002	seq_293	8.60	tp	0
4-AWAGCG	STREME-4	8.8e-002	seq_306	8.60	tp	0
4-AWAGCG	STREME-4	8.8e-002	seq_41	8.60	tp	0
4-AWAGCG	STREME-4	8.8e-002	seq_84	8.60	tp	0
4-AWAGCG	STREME-4	8.8e-002	seq_206	8.60	tp	0
4-AWAGCG	STREME-4	8.8e-002	seq_200	8.60	fp	0
4-AWAGCG	STREME-4	8.8e-002	seq_231	8.60	fp	0
4-AWAGCG	STREME-4	8.8e-002	seq_23	8.60	fp	0
4-AWAGCG	STREME-4	8.8e-002	seq_406	8.60	fp	0
4-AWAGCG	STREME-4	8.8e-002	seq_444	8.60	fp	0
4-AWAGCG	STREME-4	8.8e-002	seq_339	8.60	fp	0
4-AWAGCG	STREME-4	8.8e-002	seq_97	8.60	fp	0
4-AWAGCG	STREME-4	8.8e-002	seq_309	8.60	fp	0
4-AWAGCG	STREME-4	8.8e-002	seq_151	8.60	fp	0
4-AWAGCG	STREME-4	8.8e-002	seq_308	8.60	fp	0
4-AWAGCG	STREME-4	8.8e-002	seq_38	8.60	fp	0
4-AWAGCG	STREME-4	8.8e-002	seq_360	8.60	fp	0
4-AWAGCG	STREME-4	8.8e-002	seq_394	8.60	fp	0
4-AWAGCG	STREME-4	8.8e-002	seq_103	8.60	tp	1
4-AWAGCG	STREME-4	8.8e-002	seq_426	8.60	fp	1
4-AWAGCG	STREME-4	8.8e-002	seq_249	8.60	fp	1
4-AWAGCG	STREME-4	8.8e-002	seq_152	8.60	fp	1
4-AWAGCG	STREME-4	8.8e-002	seq_2	2.71	tp	0
4-AWAGCG	STREME-4	8.8e-002	seq_401	2.71	tp	0
4-AWAGCG	STREME-4	8.8e-002	seq_192	2.71	tp	0
4-AWAGCG	STREME-4	8.8e-002	seq_284	2.71	tp	0
4-AWAGCG	STREME-4	8.8e-002	seq_135	2.71	tp	0
4-AWAGCG	STREME-4	8.8e-002	seq_62	2.71	tp	0
4-AWAGCG	STREME-4	8.8e-002	seq_248	2.71	tp	0
4-AWAGCG	STREME-4	8.8e-002	seq_230	2.71	tp	0
4-AWAGCG	STREME-4	8.8e-002	seq_112	2.71	tp	0
4-AWAGCG	STREME-4	8.8e-002	seq_160	2.71	tp	0
4-AWAGCG	STREME-4	8.8e-002	seq_275	2.71	tp	0
4-AWAGCG	STREME-4	8.8e-002	seq_370	2.71	fp	0
4-AWAGCG	STREME-4	8.8e-002	seq_298	2.71	fp	0
4-AWAGCG	STREME-4	8.8e-002	seq_403	2.71	fp	0
4-AWAGCG	STREME-4	8.8e-002	seq_313	2.71	fp	0
4-AWAGCG	STREME-4	8.8e-002	seq_275	2.71	fp	0
4-AWAGCG	STREME-4	8.8e-002	seq_40	2.71	fp	0
4-AWAGCG	STREME-4	8.8e-002	seq_346	2.71	tp	1
#
5-ATCAGGAWGATG	STREME-5	1.8e-001	seq_373	19.21	tp	0
5-ATCAGGAWGATG	STREME-5	1.8e-001	seq_207	19.21	tp	0
5-ATCAGGAWGATG	STREME-5	1.8e-001	seq_55	19.21	tp	0
5-ATCAGGAWGATG	STREME-5	1.8e-001	seq_358	19.21	tp	0
5-ATCAGGAWGATG	STREME-5	1.8e-001	seq_241	19.21	tp	1
5-ATCAGGAWGATG	STREME-5	1.8e-001	seq_411	19.21	tp	1
5-ATCAGGAWGATG	STREME-5	1.8e-001	seq_270	19.21	tp	1
5-ATCAGGAWGATG	STREME-5	1.8e-001	seq_315	17.39	tp	0
5-ATCAGGAWGATG	STREME-5	1.8e-001	seq_343	17.39	tp	0
5-ATCAGGAWGATG	STREME-5	1.8e-001	seq_455	17.39	tp	0
5-ATCAGGAWGATG	STREME-5	1.8e-001	seq_313	15.22	tp	0
5-ATCAGGAWGATG	STREME-5	1.8e-001	seq_215	15.16	fp	1
5-ATCAGGAWGATG	STREME-5	1.8e-001	seq_304	14.69	tp	0
5-ATCAGGAWGATG	STREME-5	1.8e-001	seq_9	14.69	tp	0
5-ATCAGGAWGATG	STREME-5	1.8e-001	seq_197	14.41	tp	0
5-ATCAGGAWGATG	STREME-5	1.8e-001	seq_445	14.41	tp	0
5-ATCAGGAWGATG	STREME-5	1.8e-001	seq_263	14.14	tp	0
5-ATCAGGAWGATG	STREME-5	1.8e-001	seq_8	13.88	tp	0
5-ATCAGGAWGATG	STREME-5	1.8e-001	seq_134	13.12	tp	0
5-ATCAGGAWGATG	STREME-5	1.8e-001	seq_427	12.53	tp	0
5-ATCAGGAWGATG	STREME-5	1.8e-001	seq_152	12.30	tp	1
5-ATCAGGAWGATG	STREME-5	1.8e-001	seq_151	12.24	fp	0
5-ATCAGGAWGATG	STREME-5	1.8e-001	seq_333	11.97	tp	0
5-ATCAGGAWGATG	STREME-5	1.8e-001	seq_310	11.75	tp	0
5-ATCAGGAWGATG	STREME-5	1.8e-001	seq_142	11.40	tp	0
5-ATCAGGAWGATG	STREME-5	1.8e-001	seq_307	11.15	tp	0
#
6-CACCGCCGCR	STREME-6	2.5e-001	seq_397	15.79	tp	0
6-CACCGCCGCR	STREME-6	2.5e-001	seq_317	15.79	tp	0
6-CACCGCCGCR	STREME-6	2.5e-001	seq_200	15.79	tp	0
6-CACCGCCGCR	STREME-6	2.5e-001	seq_446	15.36	tp	0
6-CACCGCCGCR	STREME-6	2.5e-001	seq_268	14.54	tp	0
6-CACCGCCGCR	STREME-6	2.5e-001	seq_354	14.54	tp	0
6-CACCGCCGCR	STREME-6	2.5e-001	seq_233	14.54	tp	0
6-CACCGCCGCR	STREME-6	2.5e-001	seq_305	13.86	tp	0
6-CACCGCCGCR	STREME-6	2.5e-001	seq_209	13.86	tp	0
6-CACCGCCGCR	STREME-6	2.5e-001	seq_60	13.86	tp	0
6-CACCGCCGCR	STREME-6	2.5e-001	seq_193	13.76	tp	0
6-CACCGCCGCR	STREME-6	2.5e-001	seq_34	12.38	tp	0
6-CACCGCCGCR	STREME-6	2.5e-001	seq_164	12.38	tp	1
6-CACCGCCGCR	STREME-6	2.5e-001	seq_189	11.84	tp	0
6-CACCGCCGCR	STREME-6	2.5e-001	seq_297	11.84	tp	0
6-CACCGCCGCR	STREME-6	2.5e-001	seq_300	11.81	fp	0
6-CACCGCCGCR	STREME-6	2.5e-001	seq_326	11.81	fp	0
6-CACCGCCGCR	STREME-6	2.5e-001	seq_212	11.69	tp	0
6-CACCGCCGCR	STREME-6	2.5e-001	seq_120	11.69	tp	0
6-CACCGCCGCR	STREME-6	2.5e-001	seq_332	11.56	tp	0
6-CACCGCCGCR	STREME-6	2.5e-001	seq_436	11.53	tp	0
6-CACCGCCGCR	STREME-6	2.5e-001	seq_122	11.53	tp	0
6-CACCGCCGCR	STREME-6	2.5e-001	seq_284	11.48	tp	0
6-CACCGCCGCR	STREME-6	2.5e-001	seq_135	11.48	tp	0
6-CACCGCCGCR	STREME-6	2.5e-001	seq_217	11.32	tp	0
6-CACCGCCGCR	STREME-6	2.5e-001	seq_41	11.32	tp	0
6-CACCGCCGCR	STREME-6	2.5e-001	seq_84	11.32	tp	0
6-CACCGCCGCR	STREME-6	2.5e-001	seq_439	11.30	tp	1
6-CACCGCCGCR	STREME-6	2.5e-001	seq_86	11.18	tp	0
6-CACCGCCGCR	STREME-6	2.5e-001	seq_277	11.17	tp	0
6-CACCGCCGCR	STREME-6	2.5e-001	seq_231	11.17	tp	0
6-CACCGCCGCR	STREME-6	2.5e-001	seq_405	11.17	tp	0
6-CACCGCCGCR	STREME-6	2.5e-001	seq_39	11.17	tp	0
6-CACCGCCGCR	STREME-6	2.5e-001	seq_321	10.85	tp	0
6-CACCGCCGCR	STREME-6	2.5e-001	seq_442	10.80	tp	0
6-CACCGCCGCR	STREME-6	2.5e-001	seq_93	10.67	tp	0
6-CACCGCCGCR	STREME-6	2.5e-001	seq_383	10.65	tp	0
6-CACCGCCGCR	STREME-6	2.5e-001	seq_424	10.65	tp	0
#
7-CGTTATCCKTK	STREME-7	2.5e-001	seq_197	18.57	tp	0
7-CGTTATCCKTK	STREME-7	2.5e-001	seq_222	18.57	tp	0
7-CGTTATCCKTK	STREME-7	2.5e-001	seq_115	18.57	tp	0
7-CGTTATCCKTK	STREME-7	2.5e-001	seq_219	18.57	tp	0
7-CGTTATCCKTK	STREME-7	2.5e-001	seq_412	18.57	tp	0
7-CGTTATCCKTK	STREME-7	2.5e-001	seq_247	18.57	tp	0
7-CGTTATCCKTK	STREME-7	2.5e-001	seq_144	18.57	tp	0
7-CGTTATCCKTK	STREME-7	2.5e-001	seq_191	18.57	tp	0
7-CGTTATCCKTK	STREME-7	2.5e-001	seq_318	18.57	tp	0
7-CGTTATCCKTK	STREME-7	2.5e-001	seq_445	18.57	tp	0
7-CGTTATCCKTK	STREME-7	2.5e-001	seq_186	18.57	tp	0
7-CGTTATCCKTK	STREME-7	2.5e-001	seq_75	18.57	tp	1
7-CGTTATCCKTK	STREME-7	2.5e-001	seq_270	18.57	tp	1
7-CGTTATCCKTK	STREME-7	2.5e-001	seq_295	17.64	tp	0
7-CGTTATCCKTK	STREME-7	2.5e-001	seq_48	17.07	tp	0
7-CGTTATCCKTK	STREME-7	2.5e-001	seq_325	15.72	tp	0
7-CGTTATCCKTK	STREME-7	2.5e-001	seq_291	13.86	tp	0
7-CGTTATCCKTK	STREME-7	2.5e-001	seq_28	13.86	tp	0
7-CGTTATCCKTK	STREME-7	2.5e-001	seq_378	13.86	tp	0
7-CGTTATCCKTK	STREME-7	2.5e-001	seq_437	13.29	tp	0
7-CGTTATCCKTK	STREME-7	2.5e-001	seq_136	13.16	tp	0
7-CGTTATCCKTK	STREME-7	2.5e-001	seq_51	12.49	fp	0
7-CGTTATCCKTK	STREME-7	2.5e-001	seq_44	12.39	tp	0
7-CGTTATCCKTK	STREME-7	2.5e-001	seq_239	11.76	tp	0
7-CGTTATCCKTK	STREME-7	2.5e-001	seq_98	11.74	tp	0
7-CGTTATCCKTK	STREME-7	2.5e-001	seq_404	11.74	tp	0
7-CGTTATCCKTK	STREME-7	2.5e-001	seq_428	11.15	tp	0
7-CGTTATCCKTK	STREME-7	2.5e-001	seq_425	10.69	tp	0
7-CGTTATCCKTK	STREME-7	2.5e-001	seq_418	10.11	tp	0
#
8-SGTATAATGCG	STREME-8	5.0e-001	seq_361	17.21	tp	0
8-SGTATAATGCG	STREME-8	5.0e-001	seq_119	17.21	tp	0
8-SGTATAATGCG	STREME-8	5.0e-001	seq_293	17.21	tp	0
8-SGTATAATGCG	STREME-8	5.0e-001	seq_306	17.21	tp	0
8-SGTATAATGCG	STREME-8	5.0e-001	seq_206	17.21	tp	0
8-SGTATAATGCG	STREME-8	5.0e-001	seq_7	17.21	tp	0
8-SGTATAATGCG	STREME-8	5.0e-001	seq_305	15.92	tp	0
8-SGTATAATGCG	STREME-8	5.0e-001	seq_209	15.92	tp	0
8-SGTATAATGCG	STREME-8	5.0e-001	seq_60	15.92	tp	0
8-SGTATAATGCG	STREME-8	5.0e-001	seq_397	15.10	tp	0
8-SGTATAATGCG	STREME-8	5.0e-001	seq_317	15.10	tp	0
8-SGTATAATGCG	STREME-8	5.0e-001	seq_200	15.10	tp	0
8-SGTATAATGCG	STREME-8	5.0e-001	seq_148	14.72	tp	0
8-SGTATAATGCG	STREME-8	5.0e-001	seq_23	14.72	tp	0
8-SGTATAATGCG	STREME-8	5.0e-001	seq_204	14.72	tp	0
8-SGTATAATGCG	STREME-8	5.0e-001	seq_142	14.52	tp	0
8-SGTATAATGCG	STREME-8	5.0e-001	seq_211	14.01	tp	0
8-SGTATAATGCG	STREME-8	5.0e-001	seq_286	13.99	tp	0
8-SGTATAATGCG	STREME-8	5.0e-001	seq_260	13.99	tp	0
8-SGTATAATGCG	STREME-8	5.0e-001	seq_39	13.99	fp	0
8-SGTATAATGCG	STREME-8	5.0e-001	seq_179	13.39	tp	0
8-SGTATAATGCG	STREME-8	5.0e-001	seq_185	13.37	tp	1
8-SGTATAATGCG	STREME-8	5.0e-001	seq_302	13.36	tp	0
8-SGTATAATGCG	STREME-8	5.0e-001	seq_300	13.36	tp	1
8-SGTATAATGCG	STREME-8	5.0e-001	seq_88	13.33	tp	0
8-SGTATAATGCG	STREME-8	5.0e-001	seq_434	13.20	tp	0
8-SGTATAATGCG	STREME-8	5.0e-001	seq_246	13.06	tp	0
8-SGTATAATGCG	STREME-8	5.0e-001	seq_153	13.01	tp	0
8-SGTATAATGCG	STREME-8	5.0e-001	seq_431	12.80	tp	0
8-SGTATAATGCG	STREME-8	5.0e-001	seq_265	12.80	tp	0
8-SGTATAATGCG	STREME-8	5.0e-001	seq_253	12.64	fp	0
8-SGTATAATGCG	STREME-8	5.0e-001	seq_259	12.59	fp	0
8-SGTATAATGCG	STREME-8	5.0e-001	seq_391	12.51	tp	0
8-SGTATAATGCG	STREME-8	5.0e-001	seq_81	12.51	tp	0
8-SGTATAATGCG	STREME-8	5.0e-001	seq_158	12.26	tp	0
8-SGTATAATGCG	STREME-8	5.0e-001	seq_279	12.26	tp	0
8-SGTATAATGCG	STREME-8	5.0e-001	seq_366	12.26	tp	0
8-SGTATAATGCG	STREME-8	5.0e-001	seq_356	11.95	tp	0
8-SGTATAATGCG	STREME-8	5.0e-001	seq_79	11.89	tp	0
8-SGTATAATGCG	STREME-8	5.0e-001	seq_169	11.80	tp	0
8-SGTATAATGCG	STREME-8	5.0e-001	seq_398	11.64	tp	0
8-SGTATAATGCG	STREME-8	5.0e-001	seq_380	11.19	tp	0
8-SGTATAATGCG	STREME-8	5.0e-001	seq_321	11.07	tp	0
8-SGTATAATGCG	STREME-8	5.0e-001	seq_41	11.01	tp	0
8-SGTATAATGCG	STREME-8	5.0e-001	seq_84	11.01	tp	0
8-SGTATAATGCG	STREME-8	5.0e-001	seq_136	10.62	tp	0
8-SGTATAATGCG	STREME-8	5.0e-001	seq_123	10.04	fp	1
8-SGTATAATGCG	STREME-8	5.0e-001	seq_228	9.78	tp	0
#
9-ACGCMAAAMGK	STREME-9	5.0e-001	seq_70	16.57	tp	0
9-ACGCMAAAMGK	STREME-9	5.0e-001	seq_308	16.57	tp	0
9-ACGCMAAAMGK	STREME-9	5.0e-001	seq_202	15.98	fp	0
9-ACGCMAAAMGK	STREME-9	5.0e-001	seq_174	15.89	tp	0
9-ACGCMAAAMGK	STREME-9	5.0e-001	seq_420	15.73	tp	0
9-ACGCMAAAMGK	STREME-9	5.0e-001	seq_457	15.14	tp	0
9-ACGCMAAAMGK	STREME-9	5.0e-001	seq_57	15.14	tp	0
9-ACGCMAAAMGK	STREME-9	5.0e-001	seq_327	15.02	tp	0
9-ACGCMAAAMGK	STREME-9	5.0e-001	seq_83	14.80	tp	0
9-ACGCMAAAMGK	STREME-9	5.0e-001	seq_259	14.80	tp	0
9-ACGCMAAAMGK	STREME-9	5.0e-001	seq_409	14.59	tp	0
9-ACGCMAAAMGK	STREME-9	5.0e-001	seq_454	14.59	tp	0
9-ACGCMAAAMGK	STREME-9	5.0e-001	seq_271	14.59	tp	0
9-ACGCMAAAMGK	STREME-9	5.0e-001	seq_231	13.72	tp	0
9-ACGCMAAAMGK	STREME-9	5.0e-001	seq_405	13.72	tp	0
9-ACGCMAAAMGK	STREME-9	5.0e-001	seq_39	13.72	tp	0
9-ACGCMAAAMGK	STREME-9	5.0e-001	seq_201	13.70	tp	0
9-ACGCMAAAMGK	STREME-9	5.0e-001	seq_258	13.70	tp	1
9-ACGCMAAAMGK	STREME-9	5.0e-001	seq_145	12.87	tp	0
9-ACGCMAAAMGK	STREME-9	5.0e-001	seq_236	12.80	tp	0
#
10-GACAAGCG	STREME-10	5.0e-001	seq_323	14.24	tp	0
10-GACAAGCG	STREME-10	5.0e-001	seq_250	13.37	tp	0
10-GACAAGCG	STREME-10	5.0e-001	seq_146	13.37	tp	0
10-GACAAGCG	STREME-10	5.0e-001	seq_127	13.37	tp	0
10-GACAAGCG	STREME-10	5.0e-001	seq_290	12.37	tp	0
10-GACAAGCG	STREME-10	5.0e-001	seq_437	12.37	tp	0
10-GACAAGCG	STREME-10	5.0e-001	seq_352	12.12	tp	0
10-GACAAGCG	STREME-10	5.0e-001	seq_108	11.98	tp	0
10-GACAAGCG	STREME-10	5.0e-001	seq_82	11.98	tp	1
10-GACAAGCG	STREME-10	5.0e-001	seq_178	11.81	tp	0
10-GACAAGCG	STREME-10	5.0e-001	seq_274	11.63	tp	0
10-GACAAGCG	STREME-10	5.0e-001	seq_448	11.50	tp	0
10-GACAAGCG	STREME-10	5.0e-001	seq_281	11.47	tp	0
#
11-AATTTTTMGT	STREME-11	5.0e-001	seq_177	17.24	tp	0
11-AATTTTTMGT	STREME-11	5.0e-001	seq_192	17.24	tp	0
11-AATTTTTMGT	STREME-11	5.0e-001	seq_230	17.24	tp	0
11-AATTTTTMGT	STREME-11	5.0e-001	seq_101	15.75	tp	0
11-AATTTTTMGT	STREME-11	5.0e-001	seq_311	15.75	tp	0
11-AATTTTTMGT	STREME-11	5.0e-001	seq_390	15.75	tp	0
11-AATTTTTMGT	STREME-11	5.0e-001	seq_334	15.07	tp	0
11-AATTTTTMGT	STREME-11	5.0e-001	seq_379	14.72	tp	0
11-AATTTTTMGT	STREME-11	5.0e-001	seq_11	14.72	tp	1
11-AATTTTTMGT	STREME-11	5.0e-001	seq_239	14.29	tp	0
#
12-ATTCCAY	STREME-12	6.9e-001	seq_357	12.04	tp	0
12-ATTCCAY	STREME-12	6.9e-001	seq_8	12.04	tp	0
12-ATTCCAY	STREME-12	6.9e-001	seq_154	12.04	tp	0
12-ATTCCAY	STREME-12	6.9e-001	seq_320	12.04	tp	0
12-ATTCCAY	STREME-12	6.9e-001	seq_274	12.04	fp	1
12-ATTCCAY	STREME-12	6.9e-001	seq_35	11.94	tp	0
12-ATTCCAY	STREME-12	6.9e-001	seq_291	11.94	tp	0
12-ATTCCAY	STREME-12	6.9e-001	seq_21	11.94	tp	0
12-ATTCCAY	STREME-12	6.9e-001	seq_131	11.94	tp	0
12-ATTCCAY	STREME-12	6.9e-001	seq_249	11.94	tp	0
12-ATTCCAY	STREME-12	6.9e-001	seq_378	11.94	tp	0
12-ATTCCAY	STREME-12	6.9e-001	seq_97	11.94	tp	0
12-ATTCCAY	STREME-12	6.9e-001	seq_325	11.94	tp	0
12-ATTCCAY	STREME-12	6.9e-001	seq_125	11.94	tp	0
12-ATTCCAY	STREME-12	6.9e-001	seq_48	11.94	tp	0
12-ATTCCAY	STREME-12	6.9e-001	seq_269	11.94	fp	0
12-ATTCCAY	STREME-12	6.9e-001	seq_291	11.94	fp	0
12-ATTCCAY	STREME-12	6.9e-001	seq_305	11.11	tp	0
12-ATTCCAY	STREME-12	6.9e-001	seq_209	11.11	tp	0
12-ATTCCAY	STREME-12	6.9e-001	seq_205	11.11	tp	0
12-ATTCCAY	STREME-12	6.9e-001	seq_60	11.11	tp	0
12-ATTCCAY	STREME-12	6.9e-001	seq_205	11.11	fp	0
12-ATTCCAY	STREME-12	6.9e-001	seq_237	11.06	tp	0
12-ATTCCAY	STREME-12	6.9e-001	seq_20	11.06	tp	0
12-ATTCCAY	STREME-12	6.9e-001	seq_70	11.06	tp	0
12-ATTCCAY	STREME-12	6.9e-001	seq_447	11.06	tp	0
12-ATTCCAY	STREME-12	6.9e-001	seq_308	11.06	tp	0
12-ATTCCAY	STREME-12	6.9e-001	seq_413	11.06	tp	0
12-ATTCCAY	STREME-12	6.9e-001	seq_359	11.06	fp	0
12-ATTCCAY	STREME-12	6.9e-001	seq_154	11.06	fp	0
12-ATTCCAY	STREME-12	6.9e-001	seq_355	11.06	tp	1
12-ATTCCAY	STREME-12	6.9e-001	seq_326	11.06	tp	1
12-ATTCCAY	STREME-12	6.9e-001	seq_340	11.01	tp	0
12-ATTCCAY	STREME-12	6.9e-001	seq_333	11.01	tp	0
12-ATTCCAY	STREME-12	6.9e-001	seq_246	11.01	fp	0
12-ATTCCAY	STREME-12	6.9e-001	seq_54	11.01	fp	1
12-ATTCCAY	STREME-12	6.9e-001	seq_33	10.96	tp	0
12-ATTCCAY	STREME-12	6.9e-001	seq_409	10.96	tp	0
12-ATTCCAY	STREME-12	6.9e-001	seq_281	10.96	tp	0
12-ATTCCAY	STREME-12	6.9e-001	seq_385	10.96	tp	0
12-ATTCCAY	STREME-12	6.9e-001	seq_454	10.96	tp	0
12-ATTCCAY	STREME-12	6.9e-001	seq_271	10.96	tp	0
12-ATTCCAY	STREME-12	6.9e-001	seq_17	10.96	tp	0
12-ATTCCAY	STREME-12	6.9e-001	seq_387	10.96	fp	0
12-ATTCCAY	STREME-12	6.9e-001	seq_255	10.78	tp	0
12-ATTCCAY	STREME-12	6.9e-001	seq_441	10.78	tp	0
12-ATTCCAY	STREME-12	6.9e-001	seq_45	10.78	tp	0
#
13-CAAATCAYA	STREME-13	7.5e-001	seq_162	15.05	tp	0
13-CAAATCAYA	STREME-13	7.5e-001	seq_285	15.05	tp	0
13-CAAATCAYA	STREME-13	7.5e-001	seq_401	14.89	tp	0
13-CAAATCAYA	STREME-13	7.5e-001	seq_181	14.89	tp	0
13-CAAATCAYA	STREME-13	7.5e-001	seq_62	14.89	tp	0
13-CAAATCAYA	STREME-13	7.5e-001	seq_160	14.89	tp	0
13-CAAATCAYA	STREME-13	7.5e-001	seq_275	14.89	tp	0
13-CAAATCAYA	STREME-13	7.5e-001	seq_25	14.89	tp	1
13-CAAATCAYA	STREME-13	7.5e-001	seq_279	13.26	tp	0
13-CAAATCAYA	STREME-13	7.5e-001	seq_366	13.26	tp	0
13-CAAATCAYA	STREME-13	7.5e-001	seq_348	12.90	tp	0
13-CAAATCAYA	STREME-13	7.5e-001	seq_393	12.90	tp	0
13-CAAATCAYA	STREME-13	7.5e-001	seq_305	12.90	fp	0
13-CAAATCAYA	STREME-13	7.5e-001	seq_21	12.74	tp	0
13-CAAATCAYA	STREME-13	7.5e-001	seq_126	12.49	tp	0
13-CAAATCAYA	STREME-13	7.5e-001	seq_190	12.49	tp	0
13-CAAATCAYA	STREME-13	7.5e-001	seq_122	12.43	tp	0
13-CAAATCAYA	STREME-13	7.5e-001	seq_184	12.43	tp	0
13-CAAATCAYA	STREME-13	7.5e-001	seq_449	12.43	tp	0
13-CAAATCAYA	STREME-13	7.5e-001	seq_291	11.93	tp	0
13-CAAATCAYA	STREME-13	7.5e-001	seq_378	11.93	tp	0
13-CAAATCAYA	STREME-13	7.5e-001	seq_170	11.52	tp	0
13-CAAATCAYA	STREME-13	7.5e-001	seq_428	10.90	fp	1
13-CAAATCAYA	STREME-13	7.5e-001	seq_203	10.75	tp	0
13-CAAATCAYA	STREME-13	7.5e-001	seq_166	10.69	tp	0
13-CAAATCAYA	STREME-13	7.5e-001	seq_244	10.52	tp	0
13-CAAATCAYA	STREME-13	7.5e-001	seq_188	10.40	tp	0
13-CAAATCAYA	STREME-13	7.5e-001	seq_395	10.35	tp	0
#
14-ACCTTCTTT	STREME-14	7.5e-001	seq_25	14.87	fp	0
14-ACCTTCTTT	STREME-14	7.5e-001	seq_13	13.86	tp	0
14-ACCTTCTTT	STREME-14	7.5e-001	seq_401	13.40	tp	0
14-ACCTTCTTT	STREME-14	7.5e-001	seq_62	13.40	tp	0
14-ACCTTCTTT	STREME-14	7.5e-001	seq_160	13.40	tp	0
14-ACCTTCTTT	STREME-14	7.5e-001	seq_275	13.40	tp	0
14-ACCTTCTTT	STREME-14	7.5e-001	seq_181	13.15	tp	0
14-ACCTTCTTT	STREME-14	7.5e-001	seq_25	13.15	tp	1
14-ACCTTCTTT	STREME-14	7.5e-001	seq_148	12.83	tp	0
14-ACCTTCTTT	STREME-14	7.5e-001	seq_23	12.83	tp	0
14-ACCTTCTTT	STREME-14	7.5e-001	seq_204	12.83	tp	0
14-ACCTTCTTT	STREME-14	7.5e-001	seq_42	12.60	tp	0
14-ACCTTCTTT	STREME-14	7.5e-001	seq_126	11.71	tp	0
14-ACCTTCTTT	STREME-14	7.5e-001	seq_190	11.71	tp	0
14-ACCTTCTTT	STREME-14	7.5e-001	seq_22	11.46	tp	0
14-ACCTTCTTT	STREME-14	7.5e-001	seq_283	11.46	fp	0
14-ACCTTCTTT	STREME-14	7.5e-001	seq_120	11.18	fp	0
14-ACCTTCTTT	STREME-14	7.5e-001	seq_98	11.10	tp	0
14-ACCTTCTTT	STREME-14	7.5e-001	seq_404	11.10	tp	0
14-ACCTTCTTT	STREME-14	7.5e-001	seq_258	11.10	fp	1
14-ACCTTCTTT	STREME-14	7.5e-001	seq_17	10.99	tp	0
14-ACCTTCTTT	STREME-14	7.5e-001	seq_291	10.99	tp	0
14-ACCTTCTTT	STREME-14	7.5e-001	seq_378	10.99	tp	0
14-ACCTTCTTT	STREME-14	7.5e-001	seq_80	10.77	tp	0
14-ACCTTCTTT	STREME-14	7.5e-001	seq_86	10.54	tp	0
14-ACCTTCTTT	STREME-14	7.5e-001	seq_224	10.26	tp	0
14-ACCTTCTTT	STREME-14	7.5e-001	seq_367	10.08	tp	0
14-ACCTTCTTT	STREME-14	7.5e-001	seq_216	10.00	tp	0
14-ACCTTCTTT	STREME-14	7.5e-001	seq_422	9.97	tp	0
#
15-AAAATAAAAABR	STREME-15	7.5e-001	seq_119	15.78	tp	0
15-AAAATAAAAABR	STREME-15	7.5e-001	seq_131	15.53	tp	0
15-AAAATAAAAABR	STREME-15	7.5e-001	seq_249	15.53	tp	0
15-AAAATAAAAABR	STREME-15	7.5e-001	seq_391	14.29	tp	0
15-AAAATAAAAABR	STREME-15	7.5e-001	seq_81	14.29	tp	0
15-AAAATAAAAABR	STREME-15	7.5e-001	seq_434	13.99	tp	0
15-AAAATAAAAABR	STREME-15	7.5e-001	seq_133	13.75	tp	0
15-AAAATAAAAABR	STREME-15	7.5e-001	seq_29	13.57	fp	0
15-AAAATAAAAABR	STREME-15	7.5e-001	seq_410	13.25	tp	0
15-AAAATAAAAABR	STREME-15	7.5e-001	seq_285	12.89	tp	0
15-AAAATAAAAABR	STREME-15	7.5e-001	seq_439	12.86	fp	0
15-AAAATAAAAABR	STREME-15	7.5e-001	seq_192	12.76	tp	0
15-AAAATAAAAABR	STREME-15	7.5e-001	seq_230	12.76	tp	0
15-AAAATAAAAABR	STREME-15	7.5e-001	seq_224	12.68	tp	0
15-AAAATAAAAABR	STREME-15	7.5e-001	seq_243	12.40	tp	0
15-AAAATAAAAABR	STREME-15	7.5e-001	seq_194	12.40	tp	0
15-AAAATAAAAABR	STREME-15	7.5e-001	seq_446	12.27	tp	0
15-AAAATAAAAABR	STREME-15	7.5e-001	seq_146	12.16	tp	0
15-AAAATAAAAABR	STREME-15	7.5e-001	seq_238	12.04	tp	0
15-AAAATAAAAABR	STREME-15	7.5e-001	seq_99	12.04	tp	1
15-AAAATAAAAABR	STREME-15	7.5e-001	seq_307	11.61	tp	0
15-AAAATAAAAABR	STREME-15	7.5e-001	seq_177	11.45	fp	1
15-AAAATAAAAABR	STREME-15	7.5e-001	seq_114	11.34	tp	0
15-AAAATAAAAABR	STREME-15	7.5e-001	seq_118	10.87	tp	0
#
16-ATGCCC	STREME-16	7.5e-001	seq_423	11.41	tp	0
16-ATGCCC	STREME-16	7.5e-001	seq_124	11.41	tp	0
16-ATGCCC	STREME-16	7.5e-001	seq_56	11.41	tp	0
16-ATGCCC	STREME-16	7.5e-001	seq_336	11.41	tp	0
16-ATGCCC	STREME-16	7.5e-001	seq_421	11.41	tp	0
16-ATGCCC	STREME-16	7.5e-001	seq_267	11.41	tp	0
16-ATGCCC	STREME-16	7.5e-001	seq_105	11.41	tp	0
16-ATGCCC	STREME-16	7.5e-001	seq_19	11.41	tp	0
16-ATGCCC	STREME-16	7.5e-001	seq_256	11.41	tp	0
16-ATGCCC	STREME-16	7.5e-001	seq_216	11.41	tp	0
16-ATGCCC	STREME-16	7.5e-001	seq_66	11.41	tp	0
16-ATGCCC	STREME-16	7.5e-001	seq_122	11.41	tp	0
16-ATGCCC	STREME-16	7.5e-001	seq_38	11.41	tp	0
16-ATGCCC	STREME-16	7.5e-001	seq_359	11.41	tp	0
16-ATGCCC	STREME-16	7.5e-001	seq_364	11.41	tp	0
16-ATGCCC	STREME-16	7.5e-001	seq_8	11.41	tp	0
16-ATGCCC	STREME-16	7.5e-001	seq_50	11.41	tp	0
16-ATGCCC	STREME-16	7.5e-001	seq_428	11.41	tp	0
16-ATGCCC	STREME-16	7.5e-001	seq_321	11.41	tp	0
16-ATGCCC	STREME-16	7.5e-001	seq_45	11.41	tp	0
16-ATGCCC	STREME-16	7.5e-001	seq_199	11.41	tp	0
16-ATGCCC	STREME-16	7.5e-001	seq_182	11.41	fp	0
16-ATGCCC	STREME-16	7.5e-001	seq_202	11.41	fp	0
16-ATGCCC	STREME-16	7.5e-001	seq_324	11.41	fp	0
16-ATGCCC	STREME-16	7.5e-001	seq_279	11.41	fp	0
16-ATGCCC	STREME-16	7.5e-001	seq_30	11.41	fp	0
16-ATGCCC	STREME-16	7.5e-001	seq_27	11.41	fp	0
16-ATGCCC	STREME-16	7.5e-001	seq_68	11.41	tp	1
16-ATGCCC	STREME-16	7.5e-001	seq_441	11.41	fp	1
#
17-ACTTTACC	STREME-17	8.2e-001	seq_440	14.60	tp	0
17-ACTTTACC	STREME-17	8.2e-001	seq_360	14.60	tp	0
17-ACTTTACC	STREME-17	8.2e-001	seq_339	14.60	tp	0
17-ACTTTACC	STREME-17	8.2e-001	seq_442	14.60	tp	0
17-ACTTTACC	STREME-17	8.2e-001	seq_410	14.60	fp	0
17-ACTTTACC	STREME-17	8.2e-001	seq_307	12.84	tp	0
17-ACTTTACC	STREME-17	8.2e-001	seq_224	12.84	tp	0
17-ACTTTACC	STREME-17	8.2e-001	seq_446	11.88	tp	0
17-ACTTTACC	STREME-17	8.2e-001	seq_426	11.88	tp	0
17-ACTTTACC	STREME-17	8.2e-001	seq_92	11.79	tp	0
17-ACTTTACC	STREME-17	8.2e-001	seq_97	11.79	tp	0
17-ACTTTACC	STREME-17	8.2e-001	seq_387	11.45	tp	0
17-ACTTTACC	STREME-17	8.2e-001	seq_333	11.45	tp	0
17-ACTTTACC	STREME-17	8.2e-001	seq_429	11.38	tp	0
17-ACTTTACC	STREME-17	8.2e-001	seq_342	11.38	tp	0
17-ACTTTACC	STREME-17	8.2e-001	seq_253	11.38	tp	0
17-ACTTTACC	STREME-17	8.2e-001	seq_329	11.38	fp	0
17-ACTTTACC	STREME-17	8.2e-001	seq_196	11.38	fp	0
17-ACTTTACC	STREME-17	8.2e-001	seq_173	11.38	tp	1
17-ACTTTACC	STREME-17	8.2e-001	seq_13	11.38	fp	1
17-ACTTTACC	STREME-17	8.2e-001	seq_456	11.14	tp	0
17-ACTTTACC	STREME-17	8.2e-001	seq_214	11.10	tp	0
17-ACTTTACC	STREME-17	8.2e-001	seq_6	11.10	tp	0
17-ACTTTACC	STREME-17	8.2e-001	seq_47	11.10	tp	0
17-ACTTTACC	STREME-17	8.2e-001	seq_106	11.10	tp	0
17-ACTTTACC	STREME-17	8.2e-001	seq_355	11.10	fp	0
17-ACTTTACC	STREME-17	8.2e-001	seq_9	11.10	fp	0
17-ACTTTACC	STREME-17	8.2e-001	seq_208	11.07	tp	0
17-ACTTTACC	STREME-17	8.2e-001	seq_98	11.07	tp	0
17-ACTTTACC	STREME-17	8.2e-001	seq_404	11.07	tp	0
17-ACTTTACC	STREME-17	8.2e-001	seq_339	11.07	fp	0
17-ACTTTACC	STREME-17	8.2e-001	seq_125	10.92	tp	0
17-ACTTTACC	STREME-17	8.2e-001	seq_96	10.92	fp	1
17-ACTTTACC	STREME-17	8.2e-001	seq_421	10.01	tp	0
17-ACTTTACC	STREME-17	8.2e-001	seq_389	9.92	tp	0
17-ACTTTACC	STREME-17	8.2e-001	seq_354	9.92	fp	1
17-ACTTTACC	STREME-17	8.2e-001	seq_367	9.64	tp	0
17-ACTTTACC	STREME-17	8.2e-001	seq_268	9.64	fp	0
17-ACTTTACC	STREME-17	8.2e-001	seq_103	9.64	tp	1
17-ACTTTACC	STREME-17	8.2e-001	seq_56	9.35	tp	0
17-ACTTTACC	STREME-17	8.2e-001	seq_364	9.35	tp	0
17-ACTTTACC	STREME-17	8.2e-001	seq_291	8.88	tp	0
17-ACTTTACC	STREME-17	8.2e-001	seq_378	8.88	tp	0
17-ACTTTACC	STREME-17	8.2e-001	seq_455	8.88	fp	0
#
18-ACGTCAAC	STREME-18	8.8e-001	seq_210	15.03	tp	0
18-ACGTCAAC	STREME-18	8.8e-001	seq_162	15.03	tp	0
18-ACGTCAAC	STREME-18	8.8e-001	seq_421	11.87	tp	0
18-ACGTCAAC	STREME-18	8.8e-001	seq_338	11.87	tp	0
18-ACGTCAAC	STREME-18	8.8e-001	seq_185	11.87	tp	1
18-ACGTCAAC	STREME-18	8.8e-001	seq_44	11.79	tp	0
18-ACGTCAAC	STREME-18	8.8e-001	seq_52	11.79	tp	0
18-ACGTCAAC	STREME-18	8.8e-001	seq_245	11.75	tp	0
18-ACGTCAAC	STREME-18	8.8e-001	seq_295	11.75	tp	0
18-ACGTCAAC	STREME-18	8.8e-001	seq_66	11.42	tp	0
18-ACGTCAAC	STREME-18	8.8e-001	seq_54	11.42	tp	0
18-ACGTCAAC	STREME-18	8.8e-001	seq_7	11.42	fp	1
18-ACGTCAAC	STREME-18	8.8e-001	seq_215	11.42	fp	1
18-ACGTCAAC	STREME-18	8.8e-001	seq_217	11.40	tp	0
18-ACGTCAAC	STREME-18	8.8e-001	seq_457	11.37	tp	0
18-ACGTCAAC	STREME-18	8.8e-001	seq_153	11.31	tp	0
18-ACGTCAAC	STREME-18	8.8e-001	seq_328	11.31	tp	0
18-ACGTCAAC	STREME-18	8.8e-001	seq_304	11.29	tp	0
18-ACGTCAAC	STREME-18	8.8e-001	seq_424	11.29	tp	0
18-ACGTCAAC	STREME-18	8.8e-001	seq_9	11.29	tp	0
18-ACGTCAAC	STREME-18	8.8e-001	seq_276	11.29	fp	0
18-ACGTCAAC	STREME-18	8.8e-001	seq_137	11.00	tp	0
18-ACGTCAAC	STREME-18	8.8e-001	seq_389	10.75	tp	0
18-ACGTCAAC	STREME-18	8.8e-001	seq_143	10.53	tp	0
18-ACGTCAAC	STREME-18	8.8e-001	seq_407	10.53	tp	0
18-ACGTCAAC	STREME-18	8.8e-001	seq_18	10.53	fp	0
18-ACGTCAAC	STREME-18	8.8e-001	seq_193	10.40	tp	0
18-ACGTCAAC	STREME-18	8.8e-001	seq_58	9.99	tp	0
18-ACGTCAAC	STREME-18	8.8e-001	seq_80	8.79	tp	0
#
19-MGTATTATC	STREME-19	8.8e-001	seq_5	15.07	tp	0
19-MGTATTATC	STREME-19	8.8e-001	seq_111	15.07	fp	0
19-MGTATTATC	STREME-19	8.8e-001	seq_268	14.47	tp	0
19-MGTATTATC	STREME-19	8.8e-001	seq_354	14.47	tp	0
19-MGTATTATC	STREME-19	8.8e-001	seq_233	14.47	tp	0
19-MGTATTATC	STREME-19	8.8e-001	seq_95	14.47	tp	0
19-MGTATTATC	STREME-19	8.8e-001	seq_453	14.47	tp	0
19-MGTATTATC	STREME-19	8.8e-001	seq_429	13.80	tp	0
19-MGTATTATC	STREME-19	8.8e-001	seq_333	13.80	tp	0
19-MGTATTATC	STREME-19	8.8e-001	seq_113	13.80	tp	0
19-MGTATTATC	STREME-19	8.8e-001	seq_255	13.47	fp	1
19-MGTATTATC	STREME-19	8.8e-001	seq_303	12.80	tp	0
19-MGTATTATC	STREME-19	8.8e-001	seq_103	12.51	tp	1
19-MGTATTATC	STREME-19	8.8e-001	seq_100	12.25	tp	0
19-MGTATTATC	STREME-19	8.8e-001	seq_435	12.25	tp	0
19-MGTATTATC	STREME-19	8.8e-001	seq_347	12.25	tp	0
19-MGTATTATC	STREME-19	8.8e-001	seq_389	12.25	tp	0
19-MGTATTATC	STREME-19	8.8e-001	seq_298	12.04	tp	0
19-MGTATTATC	STREME-19	8.8e-001	seq_280	12.04	tp	0
19-MGTATTATC	STREME-19	8.8e-001	seq_133	11.84	tp	0
19-MGTATTATC	STREME-19	8.8e-001	seq_147	11.29	tp	0
19-MGTATTATC	STREME-19	8.8e-001	seq_139	11.23	fp	0
19-MGTATTATC	STREME-19	8.8e-001	seq_89	11.16	tp	0
19-MGTATTATC	STREME-19	8.8e-001	seq_428	11.10	fp	1
19-MGTATTATC	STREME-19	8.8e-001	seq_410	10.99	tp	0
19-MGTATTATC	STREME-19	8.8e-001	seq_415	10.56	tp	0
#
20-TCGGGYAAAA	STREME-20	1.0e+000	seq_90	16.08	tp	0
20-TCGGGYAAAA	STREME-20	1.0e+000	seq_406	16.08	tp	0
20-TCGGGYAAAA	STREME-20	1.0e+000	seq_92	16.08	tp	0
20-TCGGGYAAAA	STREME-20	1.0e+000	seq_323	16.08	tp	0
20-TCGGGYAAAA	STREME-20	1.0e+000	seq_322	16.08	tp	0
20-TCGGGYAAAA	STREME-20	1.0e+000	seq_347	15.42	tp	0
20-TCGGGYAAAA	STREME-20	1.0e+000	seq_279	13.86	tp	0
20-TCGGGYAAAA	STREME-20	1.0e+000	seq_366	13.86	tp	0
20-TCGGGYAAAA	STREME-20	1.0e+000	seq_101	13.84	tp	0
20-TCGGGYAAAA	STREME-20	1.0e+000	seq_311	13.84	tp	0
20-TCGGGYAAAA	STREME-20	1.0e+000	seq_285	13.18	fp	0
20-TCGGGYAAAA	STREME-20	1.0e+000	seq_135	13.18	fp	0
20-TCGGGYAAAA	STREME-20	1.0e+000	seq_440	12.53	tp	0
20-TCGGGYAAAA	STREME-20	1.0e+000	seq_360	12.53	tp	0
20-TCGGGYAAAA	STREME-20	1.0e+000	seq_149	12.07	tp	0
20-TCGGGYAAAA	STREME-20	1.0e+000	seq_304	11.88	tp	0
20-TCGGGYAAAA	STREME-20	1.0e+000	seq_9	11.88	tp	0
20-TCGGGYAAAA	STREME-20	1.0e+000	seq_105	11.71	tp	0
20-TCGGGYAAAA	STREME-20	1.0e+000	seq_409	11.46	tp	0
20-TCGGGYAAAA	STREME-20	1.0e+000	seq_454	11.46	tp	0
20-TCGGGYAAAA	STREME-20	1.0e+000	seq_271	11.46	tp	0
20-TCGGGYAAAA	STREME-20	1.0e+000	seq_95	11.46	tp	0
20-TCGGGYAAAA	STREME-20	1.0e+000	seq_321	11.46	fp	1
20-TCGGGYAAAA	STREME-20	1.0e+000	seq_425	11.41	tp	0
20-TCGGGYAAAA	STREME-20	1.0e+000	seq_253	11.41	tp	0
20-TCGGGYAAAA	STREME-20	1.0e+000	seq_312	11.40	fp	0
20-TCGGGYAAAA	STREME-20	1.0e+000	seq_429	11.37	tp	0
20-TCGGGYAAAA	STREME-20	1.0e+000	seq_71	11.06	tp	0
20-TCGGGYAAAA	STREME-20	1.0e+000	seq_37	11.05	tp	0
20-TCGGGYAAAA	STREME-20	1.0e+000	seq_381	11.05	tp	0
20-TCGGGYAAAA	STREME-20	1.0e+000	seq_177	11.04	tp	0
20-TCGGGYAAAA	STREME-20	1.0e+000	seq_158	10.77	tp	0
20-TCGGGYAAAA	STREME-20	1.0e+000	seq_324	10.77	tp	0
20-TCGGGYAAAA	STREME-20	1.0e+000	seq_417	10.57	tp	0
20-TCGGGYAAAA	STREME-20	1.0e+000	seq_109	10.51	tp	0
20-TCGGGYAAAA	STREME-20	1.0e+000	seq_97	10.46	tp	0
20-TCGGGYAAAA	STREME-20	1.0e+000	seq_333	10.32	tp	0
20-TCGGGYAAAA	STREME-20	1.0e+000	seq_363	10.24	tp	0
20-TCGGGYAAAA	STREME-20	1.0e+000	seq_175	10.22	tp	0
20-TCGGGYAAAA	STREME-20	1.0e+000	seq_242	10.06	tp	0
20-TCGGGYAAAA	STREME-20	1.0e+000	seq_294	10.04	tp	0
#
21-TGCTAAAAT	STREME-21	1.0e+000	seq_128	15.31	tp	0
21-TGCTAAAAT	STREME-21	1.0e+000	seq_123	15.31	tp	0
21-TGCTAAAAT	STREME-21	1.0e+000	seq_225	15.31	tp	0
21-TGCTAAAAT	STREME-21	1.0e+000	seq_368	15.31	tp	0
21-TGCTAAAAT	STREME-21	1.0e+000	seq_163	15.07	tp	0
21-TGCTAAAAT	STREME-21	1.0e+000	seq_407	15.07	tp	0
21-TGCTAAAAT	STREME-21	1.0e+000	seq_56	14.68	tp	0
21-TGCTAAAAT	STREME-21	1.0e+000	seq_364	14.68	tp	0
21-TGCTAAAAT	STREME-21	1.0e+000	seq_266	14.06	tp	0
21-TGCTAAAAT	STREME-21	1.0e+000	seq_116	14.06	tp	0
21-TGCTAAAAT	STREME-21	1.0e+000	seq_289	13.45	tp	0
21-TGCTAAAAT	STREME-21	1.0e+000	seq_332	13.45	tp	0
21-TGCTAAAAT	STREME-21	1.0e+000	seq_256	13.45	tp	0
21-TGCTAAAAT	STREME-21	1.0e+000	seq_290	13.32	tp	0
21-TGCTAAAAT	STREME-21	1.0e+000	seq_57	13.32	tp	0
21-TGCTAAAAT	STREME-21	1.0e+000	seq_316	13.32	tp	0
21-TGCTAAAAT	STREME-21	1.0e+000	seq_93	13.21	tp	0
21-TGCTAAAAT	STREME-21	1.0e+000	seq_132	12.60	tp	0
21-TGCTAAAAT	STREME-21	1.0e+000	seq_345	12.52	tp	0
21-TGCTAAAAT	STREME-21	1.0e+000	seq_414	12.35	tp	0
21-TGCTAAAAT	STREME-21	1.0e+000	seq_417	11.53	tp	0
21-TGCTAAAAT	STREME-21	1.0e+000	seq_53	11.46	tp	0
#
22-CTCAACGATC	STREME-22	1.0e+000	seq_240	18.00	tp	0
22-CTCAACGATC	STREME-22	1.0e+000	seq_362	16.98	tp	0
22-CTCAACGATC	STREME-22	1.0e+000	seq_214	15.34	tp	0
22-CTCAACGATC	STREME-22	1.0e+000	seq_6	15.34	tp	0
22-CTCAACGATC	STREME-22	1.0e+000	seq_12	15.30	tp	0
22-CTCAACGATC	STREME-22	1.0e+000	seq_161	15.30	tp	0
22-CTCAACGATC	STREME-22	1.0e+000	seq_416	14.33	tp	0
22-CTCAACGATC	STREME-22	1.0e+000	seq_212	14.08	tp	0
22-CTCAACGATC	STREME-22	1.0e+000	seq_120	14.08	tp	0
22-CTCAACGATC	STREME-22	1.0e+000	seq_236	13.73	tp	0
22-CTCAACGATC	STREME-22	1.0e+000	seq_211	13.52	tp	0
22-CTCAACGATC	STREME-22	1.0e+000	seq_4	13.34	tp	0
22-CTCAACGATC	STREME-22	1.0e+000	seq_403	13.10	tp	0
22-CTCAACGATC	STREME-22	1.0e+000	seq_35	13.06	tp	0
22-CTCAACGATC	STREME-22	1.0e+000	seq_18	11.90	tp	0
22-CTCAACGATC	STREME-22	1.0e+000	seq_372	11.67	tp	0
22-CTCAACGATC	STREME-22	1.0e+000	seq_226	11.66	tp	0
22-CTCAACGATC	STREME-22	1.0e+000	seq_240	11.61	fp	0
22-CTCAACGATC	STREME-22	1.0e+000	seq_31	11.47	tp	0
22-CTCAACGATC	STREME-22	1.0e+000	seq_148	11.25	tp	0
22-CTCAACGATC	STREME-22	1.0e+000	seq_23	11.25	tp	0
22-CTCAACGATC	STREME-22	1.0e+000	seq_204	11.25	tp	0
22-CTCAACGATC	STREME-22	1.0e+000	seq_305	11.14	tp	0
22-CTCAACGATC	STREME-22	1.0e+000	seq_209	11.14	tp	0
22-CTCAACGATC	STREME-22	1.0e+000	seq_60	11.14	tp	0
#
23-AAGTCMCGAAAA	STREME-23	1.0e+000	seq_447	18.96	tp	0
23-AAGTCMCGAAAA	STREME-23	1.0e+000	seq_397	18.82	tp	0
23-AAGTCMCGAAAA	STREME-23	1.0e+000	seq_317	18.82	tp	0
23-AAGTCMCGAAAA	STREME-23	1.0e+000	seq_200	18.82	tp	0
23-AAGTCMCGAAAA	STREME-23	1.0e+000	seq_214	17.87	tp	0
23-AAGTCMCGAAAA	STREME-23	1.0e+000	seq_6	17.87	tp	0
23-AAGTCMCGAAAA	STREME-23	1.0e+000	seq_148	15.81	tp	0
23-AAGTCMCGAAAA	STREME-23	1.0e+000	seq_23	15.81	tp	0
23-AAGTCMCGAAAA	STREME-23	1.0e+000	seq_204	15.81	tp	0
23-AAGTCMCGAAAA	STREME-23	1.0e+000	seq_16	14.30	tp	0
23-AAGTCMCGAAAA	STREME-23	1.0e+000	seq_74	14.30	tp	0
23-AAGTCMCGAAAA	STREME-23	1.0e+000	seq_205	14.01	tp	0
23-AAGTCMCGAAAA	STREME-23	1.0e+000	seq_202	13.85	tp	0
23-AAGTCMCGAAAA	STREME-23	1.0e+000	seq_184	13.49	tp	0
23-AAGTCMCGAAAA	STREME-23	1.0e+000	seq_449	13.49	tp	0
23-AAGTCMCGAAAA	STREME-23	1.0e+000	seq_359	12.40	tp	0
23-AAGTCMCGAAAA	STREME-23	1.0e+000	seq_400	11.80	tp	0
23-AAGTCMCGAAAA	STREME-23	1.0e+000	seq_63	11.60	tp	0
23-AAGTCMCGAAAA	STREME-23	1.0e+000	seq_32	11.60	tp	0
#
24-AARAGGCG	STREME-24	1.0e+000	seq_77	15.11	tp	0
24-AARAGGCG	STREME-24	1.0e+000	seq_215	15.11	tp	0
24-AARAGGCG	STREME-24	1.0e+000	seq_76	15.11	tp	0
24-AARAGGCG	STREME-24	1.0e+000	seq_49	15.11	tp	0
24-AARAGGCG	STREME-24	1.0e+000	seq_73	15.11	tp	0
24-AARAGGCG	STREME-24	1.0e+000	seq_64	15.11	tp	0
24-AARAGGCG	STREME-24	1.0e+000	seq_356	15.11	tp	0
24-AARAGGCG	STREME-24	1.0e+000	seq_223	15.11	tp	0
24-AARAGGCG	STREME-24	1.0e+000	seq_283	15.11	tp	0
24-AARAGGCG	STREME-24	1.0e+000	seq_227	15.11	tp	0
24-AARAGGCG	STREME-24	1.0e+000	seq_430	12.49	tp	0
24-AARAGGCG	STREME-24	1.0e+000	seq_305	12.49	tp	0
24-AARAGGCG	STREME-24	1.0e+000	seq_319	12.49	tp	0
24-AARAGGCG	STREME-24	1.0e+000	seq_209	12.49	tp	0
24-AARAGGCG	STREME-24	1.0e+000	seq_60	12.49	tp	0
24-AARAGGCG	STREME-24	1.0e+000	seq_27	12.49	tp	0
24-AARAGGCG	STREME-24	1.0e+000	seq_97	12.36	tp	0
24-AARAGGCG	STREME-24	1.0e+000	seq_105	9.74	tp	0
#
25-ACATAGGWTM	STREME-25	1.0e+000	seq_77	17.58	tp	0
25-ACATAGGWTM	STREME-25	1.0e+000	seq_215	17.58	tp	0
25-ACATAGGWTM	STREME-25	1.0e+000	seq_76	17.58	tp	0
25-ACATAGGWTM	STREME-25	1.0e+000	seq_49	17.58	tp	0
25-ACATAGGWTM	STREME-25	1.0e+000	seq_73	17.58	tp	0
25-ACATAGGWTM	STREME-25	1.0e+000	seq_64	17.58	tp	0
25-ACATAGGWTM	STREME-25	1.0e+000	seq_223	17.58	tp	0
25-ACATAGGWTM	STREME-25	1.0e+000	seq_283	17.58	tp	0
25-ACATAGGWTM	STREME-25	1.0e+000	seq_227	17.58	tp	0
25-ACATAGGWTM	STREME-25	1.0e+000	seq_383	16.82	tp	0
25-ACATAGGWTM	STREME-25	1.0e+000	seq_289	14.56	tp	0
25-ACATAGGWTM	STREME-25	1.0e+000	seq_388	13.66	tp	0
25-ACATAGGWTM	STREME-25	1.0e+000	seq_158	12.75	tp	0
25-ACATAGGWTM	STREME-25	1.0e+000	seq_347	12.51	tp	0
25-ACATAGGWTM	STREME-25	1.0e+000	seq_298	12.16	tp	0
25-ACATAGGWTM	STREME-25	1.0e+000	seq_44	12.07	tp	0
25-ACATAGGWTM	STREME-25	1.0e+000	seq_426	11.58	tp	0
#
26-CTCCGGCT	STREME-26	1.0e+000	seq_192	15.47	tp	0
26-CTCCGGCT	STREME-26	1.0e+000	seq_230	15.47	tp	0
26-CTCCGGCT	STREME-26	1.0e+000	seq_98	13.50	tp	0
26-CTCCGGCT	STREME-26	1.0e+000	seq_348	13.50	tp	0
26-CTCCGGCT	STREME-26	1.0e+000	seq_393	13.50	tp	0
26-CTCCGGCT	STREME-26	1.0e+000	seq_404	13.50	tp	0
26-CTCCGGCT	STREME-26	1.0e+000	seq_254	13.04	tp	0
26-CTCCGGCT	STREME-26	1.0e+000	seq_440	13.04	tp	0
26-CTCCGGCT	STREME-26	1.0e+000	seq_360	13.04	tp	0
26-CTCCGGCT	STREME-26	1.0e+000	seq_313	12.23	tp	0
26-CTCCGGCT	STREME-26	1.0e+000	seq_54	12.23	tp	0
26-CTCCGGCT	STREME-26	1.0e+000	seq_94	11.78	tp	0
26-CTCCGGCT	STREME-26	1.0e+000	seq_434	11.69	tp	0
26-CTCCGGCT	STREME-26	1.0e+000	seq_13	11.69	fp	1
26-CTCCGGCT	STREME-26	1.0e+000	seq_323	11.44	tp	0
26-CTCCGGCT	STREME-26	1.0e+000	seq_240	11.44	tp	0
26-CTCCGGCT	STREME-26	1.0e+000	seq_436	11.17	tp	0
26-CTCCGGCT	STREME-26	1.0e+000	seq_334	11.15	tp	0
#
27-ATAATGTGMGA	STREME-27	1.0e+000	seq_353	17.80	tp	0
27-ATAATGTGMGA	STREME-27	1.0e+000	seq_13	16.14	tp	0
27-ATAATGTGMGA	STREME-27	1.0e+000	seq_349	14.61	tp	0
27-ATAATGTGMGA	STREME-27	1.0e+000	seq_18	14.50	tp	0
27-ATAATGTGMGA	STREME-27	1.0e+000	seq_41	14.26	tp	0
27-ATAATGTGMGA	STREME-27	1.0e+000	seq_86	13.76	tp	0
27-ATAATGTGMGA	STREME-27	1.0e+000	seq_256	13.54	tp	0
27-ATAATGTGMGA	STREME-27	1.0e+000	seq_22	13.47	tp	0
27-ATAATGTGMGA	STREME-27	1.0e+000	seq_282	13.40	tp	0
27-ATAATGTGMGA	STREME-27	1.0e+000	seq_96	13.27	tp	0
27-ATAATGTGMGA	STREME-27	1.0e+000	seq_110	13.24	tp	0
27-ATAATGTGMGA	STREME-27	1.0e+000	seq_155	13.21	tp	0
27-ATAATGTGMGA	STREME-27	1.0e+000	seq_384	12.72	tp	0
27-ATAATGTGMGA	STREME-27	1.0e+000	seq_211	12.13	tp	0
27-ATAATGTGMGA	STREME-27	1.0e+000	seq_137	11.32	tp	0
27-ATAATGTGMGA	STREME-27	1.0e+000	seq_180	11.28	tp	0
#
28-TTGACTCAAA	STREME-28	1.0e+000	seq_14	16.91	tp	0
28-TTGACTCAAA	STREME-28	1.0e+000	seq_305	16.91	tp	0
28-TTGACTCAAA	STREME-28	1.0e+000	seq_209	16.91	tp	0
28-TTGACTCAAA	STREME-28	1.0e+000	seq_60	16.91	tp	0
28-TTGACTCAAA	STREME-28	1.0e+000	seq_85	14.42	tp	0
28-TTGACTCAAA	STREME-28	1.0e+000	seq_176	14.42	tp	0
28-TTGACTCAAA	STREME-28	1.0e+000	seq_371	14.42	tp	0
28-TTGACTCAAA	STREME-28	1.0e+000	seq_129	14.42	tp	0
28-TTGACTCAAA	STREME-28	1.0e+000	seq_79	13.12	tp	0
28-TTGACTCAAA	STREME-28	1.0e+000	seq_71	13.12	tp	0
28-TTGACTCAAA	STREME-28	1.0e+000	seq_163	13.03	tp	0
28-TTGACTCAAA	STREME-28	1.0e+000	seq_377	12.93	tp	0
28-TTGACTCAAA	STREME-28	1.0e+000	seq_377	12.93	fp	0
28-TTGACTCAAA	STREME-28	1.0e+000	seq_53	12.86	tp	0
28-TTGACTCAAA	STREME-28	1.0e+000	seq_307	12.79	fp	1
28-TTGACTCAAA	STREME-28	1.0e+000	seq_431	12.59	tp	0
28-TTGACTCAAA	STREME-28	1.0e+000	seq_265	12.59	tp	0
28-TTGACTCAAA	STREME-28	1.0e+000	seq_131	12.06	tp	0
28-TTGACTCAAA	STREME-28	1.0e+000	seq_249	12.06	tp	0
28-TTGACTCAAA	STREME-28	1.0e+000	seq_188	12.04	tp	0
#
29-CCCCGCGCCKSA	STREME-29	1.0e+000	seq_377	19.56	tp	0
29-CCCCGCGCCKSA	STREME-29	1.0e+000	seq_85	18.08	tp	0
29-CCCCGCGCCKSA	STREME-29	1.0e+000	seq_176	18.08	tp	0
29-CCCCGCGCCKSA	STREME-29	1.0e+000	seq_371	18.08	tp	0
29-CCCCGCGCCKSA	STREME-29	1.0e+000	seq_129	18.08	tp	0
29-CCCCGCGCCKSA	STREME-29	1.0e+000	seq_140	17.15	fp	1
29-CCCCGCGCCKSA	STREME-29	1.0e+000	seq_361	16.79	tp	0
29-CCCCGCGCCKSA	STREME-29	1.0e+000	seq_432	16.79	tp	0
29-CCCCGCGCCKSA	STREME-29	1.0e+000	seq_7	16.79	tp	0
29-CCCCGCGCCKSA	STREME-29	1.0e+000	seq_12	16.17	tp	0
29-CCCCGCGCCKSA	STREME-29	1.0e+000	seq_161	16.17	tp	0
29-CCCCGCGCCKSA	STREME-29	1.0e+000	seq_172	15.75	tp	0
29-CCCCGCGCCKSA	STREME-29	1.0e+000	seq_225	14.62	tp	0
29-CCCCGCGCCKSA	STREME-29	1.0e+000	seq_159	11.38	tp	0
#
30-ATGGGGMHGG	STREME-30	1.0e+000	seq_63	17.72	tp	0
30-ATGGGGMHGG	STREME-30	1.0e+000	seq_457	17.72	tp	0
30-ATGGGGMHGG	STREME-30	1.0e+000	seq_32	17.72	tp	0
30-ATGGGGMHGG	STREME-30	1.0e+000	seq_57	17.72	tp	0
30-ATGGGGMHGG	STREME-30	1.0e+000	seq_357	17.31	tp	0
30-ATGGGGMHGG	STREME-30	1.0e+000	seq_266	16.57	tp	0
30-ATGGGGMHGG	STREME-30	1.0e+000	seq_116	16.57	tp	0
30-ATGGGGMHGG	STREME-30	1.0e+000	seq_418	16.04	tp	0
30-ATGGGGMHGG	STREME-30	1.0e+000	seq_282	15.80	fp	0
30-ATGGGGMHGG	STREME-30	1.0e+000	seq_21	15.74	tp	0
30-ATGGGGMHGG	STREME-30	1.0e+000	seq_131	15.74	tp	0
30-ATGGGGMHGG	STREME-30	1.0e+000	seq_249	15.74	tp	0
30-ATGGGGMHGG	STREME-30	1.0e+000	seq_269	13.54	tp	0
30-ATGGGGMHGG	STREME-30	1.0e+000	seq_10	13.01	tp	0
30-ATGGGGMHGG	STREME-30	1.0e+000	seq_45	12.61	tp	0
30-ATGGGGMHGG	STREME-30	1.0e+000	seq_235	12.30	tp	0
30-ATGGGGMHGG	STREME-30	1.0e+000	seq_281	11.14	fp	1
30-ATGGGGMHGG	STREME-30	1.0e+000	seq_151	9.66	tp	0
#
31-AATAAAATTTC	STREME-31	1.0e+000	seq_268	16.79	tp	0
31-AATAAAATTTC	STREME-31	1.0e+000	seq_354	16.79	tp	0
31-AATAAAATTTC	STREME-31	1.0e+000	seq_233	16.79	tp	0
31-AATAAAATTTC	STREME-31	1.0e+000	seq_189	14.96	tp	0
31-AATAAAATTTC	STREME-31	1.0e+000	seq_297	14.96	tp	0
31-AATAAAATTTC	STREME-31	1.0e+000	seq_110	14.38	tp	0
31-AATAAAATTTC	STREME-31	1.0e+000	seq_174	14.25	tp	0
31-AATAAAATTTC	STREME-31	1.0e+000	seq_217	12.99	tp	0
31-AATAAAATTTC	STREME-31	1.0e+000	seq_320	12.84	tp	0
31-AATAAAATTTC	STREME-31	1.0e+000	seq_67	12.59	tp	0
31-AATAAAATTTC	STREME-31	1.0e+000	seq_147	12.24	tp	0
31-AATAAAATTTC	STREME-31	1.0e+000	seq_180	12.12	fp	1
31-AATAAAATTTC	STREME-31	1.0e+000	seq_27	12.05	tp	0
#
32-GACAAAGATC	STREME-32	1.0e+000	seq_401	19.00	tp	0
32-GACAAAGATC	STREME-32	1.0e+000	seq_397	19.00	tp	0
32-GACAAAGATC	STREME-32	1.0e+000	seq_317	19.00	tp	0
32-GACAAAGATC	STREME-32	1.0e+000	seq_200	19.00	tp	0
32-GACAAAGATC	STREME-32	1.0e+000	seq_62	19.00	tp	0
32-GACAAAGATC	STREME-32	1.0e+000	seq_160	19.00	tp	0
32-GACAAAGATC	STREME-32	1.0e+000	seq_275	19.00	tp	0
32-GACAAAGATC	STREME-32	1.0e+000	seq_88	16.17	tp	0
32-GACAAAGATC	STREME-32	1.0e+000	seq_286	16.15	tp	0
32-GACAAAGATC	STREME-32	1.0e+000	seq_260	16.15	tp	0
32-GACAAAGATC	STREME-32	1.0e+000	seq_239	14.82	tp	0
32-GACAAAGATC	STREME-32	1.0e+000	seq_174	14.35	tp	0
#
33-AACAAATTATT	STREME-33	1.0e+000	seq_72	17.58	tp	0
33-AACAAATTATT	STREME-33	1.0e+000	seq_305	17.58	tp	0
33-AACAAATTATT	STREME-33	1.0e+000	seq_209	17.58	tp	0
33-AACAAATTATT	STREME-33	1.0e+000	seq_60	17.58	tp	0
33-AACAAATTATT	STREME-33	1.0e+000	seq_374	17.12	tp	0
33-AACAAATTATT	STREME-33	1.0e+000	seq_367	17.12	tp	0
33-AACAAATTATT	STREME-33	1.0e+000	seq_339	15.74	tp	0
33-AACAAATTATT	STREME-33	1.0e+000	seq_418	15.25	tp	0
33-AACAAATTATT	STREME-33	1.0e+000	seq_179	13.95	fp	0
33-AACAAATTATT	STREME-33	1.0e+000	seq_102	13.51	tp	0
33-AACAAATTATT	STREME-33	1.0e+000	seq_61	13.48	tp	0
33-AACAAATTATT	STREME-33	1.0e+000	seq_96	13.43	tp	0
33-AACAAATTATT	STREME-33	1.0e+000	seq_396	13.36	tp	0
33-AACAAATTATT	STREME-33	1.0e+000	seq_299	13.20	tp	0
33-AACAAATTATT	STREME-33	1.0e+000	seq_96	12.95	fp	1
33-AACAAATTATT	STREME-33	1.0e+000	seq_86	12.71	tp	0
33-AACAAATTATT	STREME-33	1.0e+000	seq_415	12.55	tp	0
#
34-AATTTAAACG	STREME-34	1.0e+000	seq_202	16.77	tp	0
34-AATTTAAACG	STREME-34	1.0e+000	seq_101	16.77	tp	0
34-AATTTAAACG	STREME-34	1.0e+000	seq_311	16.77	tp	0
34-AATTTAAACG	STREME-34	1.0e+000	seq_328	15.62	tp	0
34-AATTTAAACG	STREME-34	1.0e+000	seq_306	15.62	tp	0
34-AATTTAAACG	STREME-34	1.0e+000	seq_19	15.23	tp	0
34-AATTTAAACG	STREME-34	1.0e+000	seq_146	15.08	tp	0
34-AATTTAAACG	STREME-34	1.0e+000	seq_433	14.80	tp	0
34-AATTTAAACG	STREME-34	1.0e+000	seq_2	13.54	tp	0
34-AATTTAAACG	STREME-34	1.0e+000	seq_267	13.49	tp	0
#
35-AGGCGATGAA	STREME-35	1.0e+000	seq_266	16.83	tp	0
35-AGGCGATGAA	STREME-35	1.0e+000	seq_116	16.83	tp	0
35-AGGCGATGAA	STREME-35	1.0e+000	seq_3	15.96	tp	0
35-AGGCGATGAA	STREME-35	1.0e+000	seq_301	15.96	tp	0
35-AGGCGATGAA	STREME-35	1.0e+000	seq_440	13.84	tp	0
35-AGGCGATGAA	STREME-35	1.0e+000	seq_360	13.84	tp	0
35-AGGCGATGAA	STREME-35	1.0e+000	seq_296	12.71	tp	0
35-AGGCGATGAA	STREME-35	1.0e+000	seq_240	12.52	tp	0
35-AGGCGATGAA	STREME-35	1.0e+000	seq_396	12.24	tp	0
35-AGGCGATGAA	STREME-35	1.0e+000	seq_46	11.66	tp	0
#
36-CGAGAGCC	STREME-36	1.0e+000	seq_262	16.65	tp	0
36-CGAGAGCC	STREME-36	1.0e+000	seq_197	16.65	tp	0
36-CGAGAGCC	STREME-36	1.0e+000	seq_222	16.65	tp	0
36-CGAGAGCC	STREME-36	1.0e+000	seq_315	16.65	tp	0
36-CGAGAGCC	STREME-36	1.0e+000	seq_445	16.65	tp	0
36-CGAGAGCC	STREME-36	1.0e+000	seq_330	16.65	tp	0
36-CGAGAGCC	STREME-36	1.0e+000	seq_192	11.93	tp	0
36-CGAGAGCC	STREME-36	1.0e+000	seq_230	11.93	tp	0
36-CGAGAGCC	STREME-36	1.0e+000	seq_281	11.81	tp	0
36-CGAGAGCC	STREME-36	1.0e+000	seq_277	11.44	tp	0
#
37-AATACTAACC	STREME-37	1.0e+000	seq_231	19.44	tp	0
37-AATACTAACC	STREME-37	1.0e+000	seq_405	19.44	tp	0
37-AATACTAACC	STREME-37	1.0e+000	seq_39	19.44	tp	0
37-AATACTAACC	STREME-37	1.0e+000	seq_100	17.78	tp	0
37-AATACTAACC	STREME-37	1.0e+000	seq_435	17.78	tp	0
37-AATACTAACC	STREME-37	1.0e+000	seq_125	17.15	tp	0
37-AATACTAACC	STREME-37	1.0e+000	seq_30	15.37	tp	0
37-AATACTAACC	STREME-37	1.0e+000	seq_37	13.71	tp	0
37-AATACTAACC	STREME-37	1.0e+000	seq_381	13.71	tp	0
#
38-ACAATCTGT	STREME-38	1.0e+000	seq_66	16.91	tp	0
38-ACAATCTGT	STREME-38	1.0e+000	seq_282	16.91	tp	0
38-ACAATCTGT	STREME-38	1.0e+000	seq_77	12.32	tp	0
38-ACAATCTGT	STREME-38	1.0e+000	seq_215	12.32	tp	0
38-ACAATCTGT	STREME-38	1.0e+000	seq_76	12.32	tp	0
38-ACAATCTGT	STREME-38	1.0e+000	seq_49	12.32	tp	0
38-ACAATCTGT	STREME-38	1.0e+000	seq_73	12.32	tp	0
38-ACAATCTGT	STREME-38	1.0e+000	seq_64	12.32	tp	0
38-ACAATCTGT	STREME-38	1.0e+000	seq_283	12.32	tp	0
#
39-CCCCACG	STREME-39	1.0e+000	seq_182	14.13	tp	0
39-CCCCACG	STREME-39	1.0e+000	seq_401	14.13	tp	0
39-CCCCACG	STREME-39	1.0e+000	seq_67	14.13	tp	0
39-CCCCACG	STREME-39	1.0e+000	seq_62	14.13	tp	0
39-CCCCACG	STREME-39	1.0e+000	seq_160	14.13	tp	0
39-CCCCACG	STREME-39	1.0e+000	seq_275	14.13	tp	0
39-CCCCACG	STREME-39	1.0e+000	seq_451	9.31	tp	0
39-CCCCACG	STREME-39	1.0e+000	seq_52	9.28	tp	0
39-CCCCACG	STREME-39	1.0e+000	seq_201	9.28	tp	0
#
40-ATTATGGCTGM	STREME-40	1.0e+000	seq_296	18.95	tp	0
40-ATTATGGCTGM	STREME-40	1.0e+000	seq_142	18.95	tp	0
40-ATTATGGCTGM	STREME-40	1.0e+000	seq_457	17.90	tp	0
40-ATTATGGCTGM	STREME-40	1.0e+000	seq_57	17.90	tp	0
40-ATTATGGCTGM	STREME-40	1.0e+000	seq_422	15.37	tp	0
40-ATTATGGCTGM	STREME-40	1.0e+000	seq_4	14.83	tp	0
40-ATTATGGCTGM	STREME-40	1.0e+000	seq_89	14.46	tp	0
40-ATTATGGCTGM	STREME-40	1.0e+000	seq_451	13.27	tp	0
